workload,variant,metric,n,median,mean,min,max,range,population_standard_deviation,raw_samples_json
AirDrop,baseline,stopwatch_elapsed_ms,5,1663,1669.4,1638,1715,77,25.144383070578606,"[1663,1662,1669,1715,1638]"
AirDrop,baseline,source_tps,5,601,598.8,583,610,27,8.772684879784522,"[601,601,599,583,610]"
AirDrop,baseline,utps,5,60733,60514.0,58892,61660,2768,900.8549272774169,"[60733,60770,60515,58892,61660]"
AirDrop,baseline,wall_elapsed_seconds,5,8.025144828017801,7.983625429798849,7.802167027955875,8.057221036986448,0.25505400903057307,0.09450051710446335,"[8.025144828017801,8.051320237049367,8.057221036986448,7.982274018984754,7.802167027955875]"
AirDrop,baseline,max_rss_kib,5,76512,76494.4,76236,76616,380,139.0389873380844,"[76512,76616,76616,76236,76492]"
AirDrop,baseline,plan_loads,5,0,0.0,0,0,0,0.0,"[0,0,0,0,0]"
AirDrop,baseline,plan_load_failures,5,0,0.0,0,0,0,0.0,"[0,0,0,0,0]"
AirDrop,baseline,plan_binding_failures,5,0,0.0,0,0,0,0.0,"[0,0,0,0,0]"
AirDrop,baseline,plan_cache_hits,5,0,0.0,0,0,0,0.0,"[0,0,0,0,0]"
AirDrop,baseline,plan_cache_misses,5,0,0.0,0,0,0,0.0,"[0,0,0,0,0]"
AirDrop,baseline,plan_invalidations,5,0,0.0,0,0,0,0.0,"[0,0,0,0,0]"
AirDrop,baseline,plan_reloads,5,0,0.0,0,0,0,0.0,"[0,0,0,0,0]"
AirDrop,baseline,optimization_eligible_lookups,5,0,0.0,0,0,0,0.0,"[0,0,0,0,0]"
AirDrop,baseline,optimization_fallback_lookups,5,0,0.0,0,0,0,0.0,"[0,0,0,0,0]"
AirDrop,baseline,optimization_eligible_invocations,5,0,0.0,0,0,0,0.0,"[0,0,0,0,0]"
AirDrop,baseline,optimization_fallback_invocations,5,0,0.0,0,0,0,0.0,"[0,0,0,0,0]"
AirDrop,baseline,relay_buffer_reserve_calls,5,0,0.0,0,0,0,0.0,"[0,0,0,0,0]"
AirDrop,baseline,relay_buffer_reserved_elements,5,0,0.0,0,0,0,0.0,"[0,0,0,0,0]"
AirDrop,baseline,relay_buffer_reserve_skipped_unknown,5,0,0.0,0,0,0,0.0,"[0,0,0,0,0]"
AirDrop,baseline,relay_buffer_reserve_skipped_limit,5,0,0.0,0,0,0,0.0,"[0,0,0,0,0]"
AirDrop,baseline,relay_buffer_reserve_failures,5,0,0.0,0,0,0,0.0,"[0,0,0,0,0]"
AirDrop,baseline,broadcast_clone_reserve_calls,5,0,0.0,0,0,0,0.0,"[0,0,0,0,0]"
AirDrop,baseline,relay_generation_time_ns,5,67567039,68454651.2,66628603,71482065,4853462,1757594.054428314,"[69324644,67270905,66628603,71482065,67567039]"
AirDrop,baseline,routing_time_ns,5,56658131,57484428.0,56058706,60416944,4358238,1643161.6120624288,"[58132426,56155933,56058706,60416944,56658131]"
AirDrop,baseline,dispatch_time_ns,5,4295021,4291256.4,4162090,4411443,249353,79032.52611324024,"[4295021,4299953,4287775,4411443,4162090]"
AirDrop,baseline,queue_push_time_ns,5,3577923,3602573.2,3499754,3769366,269612,93720.20430494164,"[3628436,3577923,3499754,3769366,3537387]"
AirDrop,baseline,plan_lookup_time_ns,5,0,0.0,0,0,0,0.0,"[0,0,0,0,0]"
AirDrop,baseline,reserve_time_ns,5,0,0.0,0,0,0,0.0,"[0,0,0,0,0]"
AirDrop,baseline,queue_single_push_calls,5,25223,25223.0,25223,25223,0,0.0,"[25223,25223,25223,25223,25223]"
AirDrop,baseline,queue_legacy_bulk_push_calls,5,3000,3000.0,3000,3000,0,0.0,"[3000,3000,3000,3000,3000]"
AirDrop,baseline,queue_lock_acquisitions,5,28223,28223.0,28223,28223,0,0.0,"[28223,28223,28223,28223,28223]"
AirDrop,baseline,queue_batch_push_calls,5,0,0.0,0,0,0,0.0,"[0,0,0,0,0]"
AirDrop,baseline,queue_batch_elements,5,0,0.0,0,0,0,0.0,"[0,0,0,0,0]"
AirDrop,baseline,maximum_batch_size,5,0,0.0,0,0,0,0.0,"[0,0,0,0,0]"
AirDrop,baseline,queue_batch_fallbacks,5,0,0.0,0,0,0,0.0,"[0,0,0,0,0]"
AirDrop,baseline,queue_notifications,5,0,0.0,0,0,0,0.0,"[0,0,0,0,0]"
AirDrop,baseline,average_batch_size,5,0.0,0.0,0.0,0.0,0.0,0.0,"[0.0,0.0,0.0,0.0,0.0]"
AirDrop,baseline,relay_buffer_capacity_growth_events,5,24,24.0,24,24,0,0.0,"[24,24,24,24,24]"
AirDrop,baseline,relay_buffer_capacity_misses,5,0,0.0,0,0,0,0.0,"[0,0,0,0,0]"
AirDrop,baseline,logical_relay_emissions,5,100000,100000.0,100000,100000,0,0.0,"[100000,100000,100000,100000,100000]"
AirDrop,baseline,physical_relay_routes,5,100000,100000.0,100000,100000,0,0.0,"[100000,100000,100000,100000,100000]"
AirDrop,baseline,relay_executions,5,100000,100000.0,100000,100000,0,0.0,"[100000,100000,100000,100000,100000]"
AirDrop,baseline,broadcast_physical_clones,5,0,0.0,0,0,0,0.0,"[0,0,0,0,0]"
AirDrop,generic_batch_only,stopwatch_elapsed_ms,5,1676,2039.8,1595,3556,1961,758.8950915640448,"[1696,1676,1676,1595,3556]"
AirDrop,generic_batch_only,source_tps,5,596,537.6,281,626,345,128.9350223950033,"[589,596,596,626,281]"
AirDrop,generic_batch_only,utps,5,60262,54359.8,28402,63322,34920,13044.14732207514,"[59551,60262,60262,63322,28402]"
AirDrop,generic_batch_only,wall_elapsed_seconds,5,8.00233488494996,8.44177127018338,7.914588832994923,10.310318030999042,2.395729198004119,0.9350364711565233,"[7.914588832994923,8.00233488494996,7.957368155999575,8.024246445973404,10.310318030999042]"
AirDrop,generic_batch_only,max_rss_kib,5,76496,76505.6,76176,76872,696,220.62601841124723,"[76488,76872,76496,76176,76496]"
AirDrop,generic_batch_only,plan_loads,5,0,0.0,0,0,0,0.0,"[0,0,0,0,0]"
AirDrop,generic_batch_only,plan_load_failures,5,0,0.0,0,0,0,0.0,"[0,0,0,0,0]"
AirDrop,generic_batch_only,plan_binding_failures,5,0,0.0,0,0,0,0.0,"[0,0,0,0,0]"
AirDrop,generic_batch_only,plan_cache_hits,5,0,0.0,0,0,0,0.0,"[0,0,0,0,0]"
AirDrop,generic_batch_only,plan_cache_misses,5,0,0.0,0,0,0,0.0,"[0,0,0,0,0]"
AirDrop,generic_batch_only,plan_invalidations,5,0,0.0,0,0,0,0.0,"[0,0,0,0,0]"
AirDrop,generic_batch_only,plan_reloads,5,0,0.0,0,0,0,0.0,"[0,0,0,0,0]"
AirDrop,generic_batch_only,optimization_eligible_lookups,5,0,0.0,0,0,0,0.0,"[0,0,0,0,0]"
AirDrop,generic_batch_only,optimization_fallback_lookups,5,0,0.0,0,0,0,0.0,"[0,0,0,0,0]"
AirDrop,generic_batch_only,optimization_eligible_invocations,5,0,0.0,0,0,0,0.0,"[0,0,0,0,0]"
AirDrop,generic_batch_only,optimization_fallback_invocations,5,0,0.0,0,0,0,0.0,"[0,0,0,0,0]"
AirDrop,generic_batch_only,relay_buffer_reserve_calls,5,0,0.0,0,0,0,0.0,"[0,0,0,0,0]"
AirDrop,generic_batch_only,relay_buffer_reserved_elements,5,0,0.0,0,0,0,0.0,"[0,0,0,0,0]"
AirDrop,generic_batch_only,relay_buffer_reserve_skipped_unknown,5,0,0.0,0,0,0,0.0,"[0,0,0,0,0]"
AirDrop,generic_batch_only,relay_buffer_reserve_skipped_limit,5,0,0.0,0,0,0,0.0,"[0,0,0,0,0]"
AirDrop,generic_batch_only,relay_buffer_reserve_failures,5,0,0.0,0,0,0,0.0,"[0,0,0,0,0]"
AirDrop,generic_batch_only,broadcast_clone_reserve_calls,5,0,0.0,0,0,0,0.0,"[0,0,0,0,0]"
AirDrop,generic_batch_only,relay_generation_time_ns,5,69471995,81170961.0,67477598,130524942,63047344,24695664.827284712,"[70217142,69471995,68163128,67477598,130524942]"
AirDrop,generic_batch_only,routing_time_ns,5,57722430,69946260.8,56512707,118501744,61989037,24297713.341600057,"[59549721,57722430,57444702,56512707,118501744]"
AirDrop,generic_batch_only,dispatch_time_ns,5,4442185,5518460.6,4187575,10100811,5913236,2293779.4441608023,"[4514040,4442185,4347692,4187575,10100811]"
AirDrop,generic_batch_only,queue_push_time_ns,5,3625411,4345882.8,3550305,7202245,3651940,1429457.912586502,"[3737783,3613670,3625411,3550305,7202245]"
AirDrop,generic_batch_only,plan_lookup_time_ns,5,0,0.0,0,0,0,0.0,"[0,0,0,0,0]"
AirDrop,generic_batch_only,reserve_time_ns,5,0,0.0,0,0,0,0.0,"[0,0,0,0,0]"
AirDrop,generic_batch_only,queue_single_push_calls,5,25223,25223.0,25223,25223,0,0.0,"[25223,25223,25223,25223,25223]"
AirDrop,generic_batch_only,queue_legacy_bulk_push_calls,5,0,0.0,0,0,0,0.0,"[0,0,0,0,0]"
AirDrop,generic_batch_only,queue_lock_acquisitions,5,28223,28223.0,28223,28223,0,0.0,"[28223,28223,28223,28223,28223]"
AirDrop,generic_batch_only,queue_batch_push_calls,5,3000,3000.0,3000,3000,0,0.0,"[3000,3000,3000,3000,3000]"
AirDrop,generic_batch_only,queue_batch_elements,5,74777,74777.0,74777,74777,0,0.0,"[74777,74777,74777,74777,74777]"
AirDrop,generic_batch_only,maximum_batch_size,5,41,41.0,41,41,0,0.0,"[41,41,41,41,41]"
AirDrop,generic_batch_only,queue_batch_fallbacks,5,0,0.0,0,0,0,0.0,"[0,0,0,0,0]"
AirDrop,generic_batch_only,queue_notifications,5,0,0.0,0,0,0,0.0,"[0,0,0,0,0]"
AirDrop,generic_batch_only,average_batch_size,5,24.925666666666668,24.925666666666668,24.925666666666668,24.925666666666668,0.0,0.0,"[24.925666666666668,24.925666666666668,24.925666666666668,24.925666666666668,24.925666666666668]"
AirDrop,generic_batch_only,relay_buffer_capacity_growth_events,5,24,24.0,24,24,0,0.0,"[24,24,24,24,24]"
AirDrop,generic_batch_only,relay_buffer_capacity_misses,5,0,0.0,0,0,0,0.0,"[0,0,0,0,0]"
AirDrop,generic_batch_only,logical_relay_emissions,5,100000,100000.0,100000,100000,0,0.0,"[100000,100000,100000,100000,100000]"
AirDrop,generic_batch_only,physical_relay_routes,5,100000,100000.0,100000,100000,0,0.0,"[100000,100000,100000,100000,100000]"
AirDrop,generic_batch_only,relay_executions,5,100000,100000.0,100000,100000,0,0.0,"[100000,100000,100000,100000,100000]"
AirDrop,generic_batch_only,broadcast_physical_clones,5,0,0.0,0,0,0,0.0,"[0,0,0,0,0]"
AirDrop,verified_reserve_only,stopwatch_elapsed_ms,5,1801,2023.2,1710,3084,1374,531.8328308782751,"[1719,1802,1710,1801,3084]"
AirDrop,verified_reserve_only,source_tps,5,555,519.6,324,584,260,98.60344821556698,"[581,554,584,555,324]"
AirDrop,verified_reserve_only,utps,5,56079,52539.0,32749,59064,26315,9977.004179612235,"[58755,56048,59064,56079,32749]"
AirDrop,verified_reserve_only,wall_elapsed_seconds,5,7.97719138499815,9.308928996999748,7.890506630006712,14.743818847986404,6.853312217979692,2.7178295985667074,"[8.019604708999395,7.97719138499815,7.913523413008079,7.890506630006712,14.743818847986404]"
AirDrop,verified_reserve_only,max_rss_kib,5,76764,76788.8,76632,76924,292,102.71202461250581,"[76876,76748,76764,76632,76924]"
AirDrop,verified_reserve_only,plan_loads,5,1,1.0,1,1,0,0.0,"[1,1,1,1,1]"
AirDrop,verified_reserve_only,plan_load_failures,5,0,0.0,0,0,0,0.0,"[0,0,0,0,0]"
AirDrop,verified_reserve_only,plan_binding_failures,5,0,0.0,0,0,0,0.0,"[0,0,0,0,0]"
AirDrop,verified_reserve_only,plan_cache_hits,5,100999,100999.0,100999,100999,0,0.0,"[100999,100999,100999,100999,100999]"
AirDrop,verified_reserve_only,plan_cache_misses,5,1,1.0,1,1,0,0.0,"[1,1,1,1,1]"
AirDrop,verified_reserve_only,plan_invalidations,5,0,0.0,0,0,0,0.0,"[0,0,0,0,0]"
AirDrop,verified_reserve_only,plan_reloads,5,0,0.0,0,0,0,0.0,"[0,0,0,0,0]"
AirDrop,verified_reserve_only,optimization_eligible_lookups,5,100000,100000.0,100000,100000,0,0.0,"[100000,100000,100000,100000,100000]"
AirDrop,verified_reserve_only,optimization_fallback_lookups,5,1000,1000.0,1000,1000,0,0.0,"[1000,1000,1000,1000,1000]"
AirDrop,verified_reserve_only,optimization_eligible_invocations,5,100000,100000.0,100000,100000,0,0.0,"[100000,100000,100000,100000,100000]"
AirDrop,verified_reserve_only,optimization_fallback_invocations,5,1000,1000.0,1000,1000,0,0.0,"[1000,1000,1000,1000,1000]"
AirDrop,verified_reserve_only,relay_buffer_reserve_calls,5,0,0.0,0,0,0,0.0,"[0,0,0,0,0]"
AirDrop,verified_reserve_only,relay_buffer_reserved_elements,5,0,0.0,0,0,0,0.0,"[0,0,0,0,0]"
AirDrop,verified_reserve_only,relay_buffer_reserve_skipped_unknown,5,1000,1000.0,1000,1000,0,0.0,"[1000,1000,1000,1000,1000]"
AirDrop,verified_reserve_only,relay_buffer_reserve_skipped_limit,5,0,0.0,0,0,0,0.0,"[0,0,0,0,0]"
AirDrop,verified_reserve_only,relay_buffer_reserve_failures,5,0,0.0,0,0,0,0.0,"[0,0,0,0,0]"
AirDrop,verified_reserve_only,broadcast_clone_reserve_calls,5,0,0.0,0,0,0,0.0,"[0,0,0,0,0]"
AirDrop,verified_reserve_only,relay_generation_time_ns,5,70314856,77988764.8,68210479,111380411,43169932,16718998.306153972,"[70314856,70755815,68210479,69282263,111380411]"
AirDrop,verified_reserve_only,routing_time_ns,5,58980234,66694921.0,57673669,98953215,41279546,16137607.126687562,"[59201280,58980234,57673669,58666207,98953215]"
AirDrop,verified_reserve_only,dispatch_time_ns,5,4246144,4993447.8,4185052,8040519,3855467,1524149.2808227676,"[4185052,4304555,4190969,4246144,8040519]"
AirDrop,verified_reserve_only,queue_push_time_ns,5,3680425,4097738.2,3577838,5841477,2263639,874385.6958705123,"[3773338,3680425,3577838,3615613,5841477]"
AirDrop,verified_reserve_only,plan_lookup_time_ns,5,191651298,212706532.2,178088502,322951828,144863326,55465075.274789795,"[178454046,192386987,178088502,191651298,322951828]"
AirDrop,verified_reserve_only,reserve_time_ns,5,0,0.0,0,0,0,0.0,"[0,0,0,0,0]"
AirDrop,verified_reserve_only,queue_single_push_calls,5,25223,25223.0,25223,25223,0,0.0,"[25223,25223,25223,25223,25223]"
AirDrop,verified_reserve_only,queue_legacy_bulk_push_calls,5,3000,3000.0,3000,3000,0,0.0,"[3000,3000,3000,3000,3000]"
AirDrop,verified_reserve_only,queue_lock_acquisitions,5,28223,28223.0,28223,28223,0,0.0,"[28223,28223,28223,28223,28223]"
AirDrop,verified_reserve_only,queue_batch_push_calls,5,0,0.0,0,0,0,0.0,"[0,0,0,0,0]"
AirDrop,verified_reserve_only,queue_batch_elements,5,0,0.0,0,0,0,0.0,"[0,0,0,0,0]"
AirDrop,verified_reserve_only,maximum_batch_size,5,0,0.0,0,0,0,0.0,"[0,0,0,0,0]"
AirDrop,verified_reserve_only,queue_batch_fallbacks,5,0,0.0,0,0,0,0.0,"[0,0,0,0,0]"
AirDrop,verified_reserve_only,queue_notifications,5,0,0.0,0,0,0,0.0,"[0,0,0,0,0]"
AirDrop,verified_reserve_only,average_batch_size,5,0.0,0.0,0.0,0.0,0.0,0.0,"[0.0,0.0,0.0,0.0,0.0]"
AirDrop,verified_reserve_only,relay_buffer_capacity_growth_events,5,24,24.0,24,24,0,0.0,"[24,24,24,24,24]"
AirDrop,verified_reserve_only,relay_buffer_capacity_misses,5,0,0.0,0,0,0,0.0,"[0,0,0,0,0]"
AirDrop,verified_reserve_only,logical_relay_emissions,5,100000,100000.0,100000,100000,0,0.0,"[100000,100000,100000,100000,100000]"
AirDrop,verified_reserve_only,physical_relay_routes,5,100000,100000.0,100000,100000,0,0.0,"[100000,100000,100000,100000,100000]"
AirDrop,verified_reserve_only,relay_executions,5,100000,100000.0,100000,100000,0,0.0,"[100000,100000,100000,100000,100000]"
AirDrop,verified_reserve_only,broadcast_physical_clones,5,0,0.0,0,0,0,0.0,"[0,0,0,0,0]"
AirDrop,verified_reserve_plus_batch,stopwatch_elapsed_ms,5,1872,2087.4,1654,3264,1610,594.0571016324946,"[1654,1766,1881,1872,3264]"
AirDrop,verified_reserve_plus_batch,source_tps,5,534,508.2,306,604,298,104.48808544518366,"[604,566,531,534,306]"
AirDrop,verified_reserve_plus_batch,utps,5,53952,51368.8,30943,61064,30121,10556.398048576986,"[61064,57191,53694,53952,30943]"
AirDrop,verified_reserve_plus_batch,wall_elapsed_seconds,5,8.056916177039966,9.414584430796094,8.037278342992067,14.686102830979507,6.64882448798744,2.6369955412705166,"[8.252515396976378,8.056916177039966,8.040109405992553,8.037278342992067,14.686102830979507]"
AirDrop,verified_reserve_plus_batch,max_rss_kib,5,77004,76927.2,76744,77012,268,105.44837599508112,"[77004,77012,77004,76744,76872]"
AirDrop,verified_reserve_plus_batch,plan_loads,5,1,1.0,1,1,0,0.0,"[1,1,1,1,1]"
AirDrop,verified_reserve_plus_batch,plan_load_failures,5,0,0.0,0,0,0,0.0,"[0,0,0,0,0]"
AirDrop,verified_reserve_plus_batch,plan_binding_failures,5,0,0.0,0,0,0,0.0,"[0,0,0,0,0]"
AirDrop,verified_reserve_plus_batch,plan_cache_hits,5,100999,100999.0,100999,100999,0,0.0,"[100999,100999,100999,100999,100999]"
AirDrop,verified_reserve_plus_batch,plan_cache_misses,5,1,1.0,1,1,0,0.0,"[1,1,1,1,1]"
AirDrop,verified_reserve_plus_batch,plan_invalidations,5,0,0.0,0,0,0,0.0,"[0,0,0,0,0]"
AirDrop,verified_reserve_plus_batch,plan_reloads,5,0,0.0,0,0,0,0.0,"[0,0,0,0,0]"
AirDrop,verified_reserve_plus_batch,optimization_eligible_lookups,5,100000,100000.0,100000,100000,0,0.0,"[100000,100000,100000,100000,100000]"
AirDrop,verified_reserve_plus_batch,optimization_fallback_lookups,5,1000,1000.0,1000,1000,0,0.0,"[1000,1000,1000,1000,1000]"
AirDrop,verified_reserve_plus_batch,optimization_eligible_invocations,5,100000,100000.0,100000,100000,0,0.0,"[100000,100000,100000,100000,100000]"
AirDrop,verified_reserve_plus_batch,optimization_fallback_invocations,5,1000,1000.0,1000,1000,0,0.0,"[1000,1000,1000,1000,1000]"
AirDrop,verified_reserve_plus_batch,relay_buffer_reserve_calls,5,0,0.0,0,0,0,0.0,"[0,0,0,0,0]"
AirDrop,verified_reserve_plus_batch,relay_buffer_reserved_elements,5,0,0.0,0,0,0,0.0,"[0,0,0,0,0]"
AirDrop,verified_reserve_plus_batch,relay_buffer_reserve_skipped_unknown,5,1000,1000.0,1000,1000,0,0.0,"[1000,1000,1000,1000,1000]"
AirDrop,verified_reserve_plus_batch,relay_buffer_reserve_skipped_limit,5,0,0.0,0,0,0,0.0,"[0,0,0,0,0]"
AirDrop,verified_reserve_plus_batch,relay_buffer_reserve_failures,5,0,0.0,0,0,0,0.0,"[0,0,0,0,0]"
AirDrop,verified_reserve_plus_batch,broadcast_clone_reserve_calls,5,0,0.0,0,0,0,0.0,"[0,0,0,0,0]"
AirDrop,verified_reserve_plus_batch,relay_generation_time_ns,5,69085381,79830918.2,67977802,121974619,53996817,21121122.24880636,"[67977802,68128351,69085381,71988438,121974619]"
AirDrop,verified_reserve_plus_batch,routing_time_ns,5,59458270,68154068.2,56651253,105972237,49320984,18985511.007352754,"[56651253,57237371,59458270,61451210,105972237]"
AirDrop,verified_reserve_plus_batch,dispatch_time_ns,5,4604887,5204332.8,4054307,8386646,4332339,1606650.1858987724,"[4054307,4299372,4676452,4604887,8386646]"
AirDrop,verified_reserve_plus_batch,queue_push_time_ns,5,3724707,4239661.4,3527859,6514609,2986750,1142556.1027936614,"[3527859,3591887,3724707,3839245,6514609]"
AirDrop,verified_reserve_plus_batch,plan_lookup_time_ns,5,197942666,221489324.6,176886841,345724158,168837317,62703009.73213376,"[176886841,186117964,197942666,200774994,345724158]"
AirDrop,verified_reserve_plus_batch,reserve_time_ns,5,0,0.0,0,0,0,0.0,"[0,0,0,0,0]"
AirDrop,verified_reserve_plus_batch,queue_single_push_calls,5,25223,25223.0,25223,25223,0,0.0,"[25223,25223,25223,25223,25223]"
AirDrop,verified_reserve_plus_batch,queue_legacy_bulk_push_calls,5,0,0.0,0,0,0,0.0,"[0,0,0,0,0]"
AirDrop,verified_reserve_plus_batch,queue_lock_acquisitions,5,28223,28223.0,28223,28223,0,0.0,"[28223,28223,28223,28223,28223]"
AirDrop,verified_reserve_plus_batch,queue_batch_push_calls,5,3000,3000.0,3000,3000,0,0.0,"[3000,3000,3000,3000,3000]"
AirDrop,verified_reserve_plus_batch,queue_batch_elements,5,74777,74777.0,74777,74777,0,0.0,"[74777,74777,74777,74777,74777]"
AirDrop,verified_reserve_plus_batch,maximum_batch_size,5,41,41.0,41,41,0,0.0,"[41,41,41,41,41]"
AirDrop,verified_reserve_plus_batch,queue_batch_fallbacks,5,0,0.0,0,0,0,0.0,"[0,0,0,0,0]"
AirDrop,verified_reserve_plus_batch,queue_notifications,5,0,0.0,0,0,0,0.0,"[0,0,0,0,0]"
AirDrop,verified_reserve_plus_batch,average_batch_size,5,24.925666666666668,24.925666666666668,24.925666666666668,24.925666666666668,0.0,0.0,"[24.925666666666668,24.925666666666668,24.925666666666668,24.925666666666668,24.925666666666668]"
AirDrop,verified_reserve_plus_batch,relay_buffer_capacity_growth_events,5,24,24.0,24,24,0,0.0,"[24,24,24,24,24]"
AirDrop,verified_reserve_plus_batch,relay_buffer_capacity_misses,5,0,0.0,0,0,0,0.0,"[0,0,0,0,0]"
AirDrop,verified_reserve_plus_batch,logical_relay_emissions,5,100000,100000.0,100000,100000,0,0.0,"[100000,100000,100000,100000,100000]"
AirDrop,verified_reserve_plus_batch,physical_relay_routes,5,100000,100000.0,100000,100000,0,0.0,"[100000,100000,100000,100000,100000]"
AirDrop,verified_reserve_plus_batch,relay_executions,5,100000,100000.0,100000,100000,0,0.0,"[100000,100000,100000,100000,100000]"
AirDrop,verified_reserve_plus_batch,broadcast_physical_clones,5,0,0.0,0,0,0,0.0,"[0,0,0,0,0]"
Ballot,baseline,stopwatch_elapsed_ms,5,185,191.2,175,222,47,16.14187101918486,"[190,222,184,185,175]"
Ballot,baseline,source_tps,5,54059,52649.0,45049,57148,12099,4071.679899009744,"[52636,45049,54353,54059,57148]"
Ballot,baseline,utps,5,54108,52696.8,45090,57200,12110,4075.329994000486,"[52684,45090,54402,54108,57200]"
Ballot,baseline,wall_elapsed_seconds,5,5.748245626047719,5.794758988008835,5.686538262001704,6.021884724963456,0.33534646296175197,0.1213670084251982,"[5.705798784038052,5.81132754299324,5.686538262001704,6.021884724963456,5.748245626047719]"
Ballot,baseline,max_rss_kib,5,34892,34909.6,34692,35112,420,149.42235441860765,"[35032,35112,34692,34892,34820]"
Ballot,baseline,plan_loads,5,0,0.0,0,0,0,0.0,"[0,0,0,0,0]"
Ballot,baseline,plan_load_failures,5,0,0.0,0,0,0,0.0,"[0,0,0,0,0]"
Ballot,baseline,plan_binding_failures,5,0,0.0,0,0,0,0.0,"[0,0,0,0,0]"
Ballot,baseline,plan_cache_hits,5,0,0.0,0,0,0,0.0,"[0,0,0,0,0]"
Ballot,baseline,plan_cache_misses,5,0,0.0,0,0,0,0.0,"[0,0,0,0,0]"
Ballot,baseline,plan_invalidations,5,0,0.0,0,0,0,0.0,"[0,0,0,0,0]"
Ballot,baseline,plan_reloads,5,0,0.0,0,0,0,0.0,"[0,0,0,0,0]"
Ballot,baseline,optimization_eligible_lookups,5,0,0.0,0,0,0,0.0,"[0,0,0,0,0]"
Ballot,baseline,optimization_fallback_lookups,5,0,0.0,0,0,0,0.0,"[0,0,0,0,0]"
Ballot,baseline,optimization_eligible_invocations,5,0,0.0,0,0,0,0.0,"[0,0,0,0,0]"
Ballot,baseline,optimization_fallback_invocations,5,0,0.0,0,0,0,0.0,"[0,0,0,0,0]"
Ballot,baseline,relay_buffer_reserve_calls,5,0,0.0,0,0,0,0.0,"[0,0,0,0,0]"
Ballot,baseline,relay_buffer_reserved_elements,5,0,0.0,0,0,0,0.0,"[0,0,0,0,0]"
Ballot,baseline,relay_buffer_reserve_skipped_unknown,5,0,0.0,0,0,0,0.0,"[0,0,0,0,0]"
Ballot,baseline,relay_buffer_reserve_skipped_limit,5,0,0.0,0,0,0,0.0,"[0,0,0,0,0]"
Ballot,baseline,relay_buffer_reserve_failures,5,0,0.0,0,0,0,0.0,"[0,0,0,0,0]"
Ballot,baseline,broadcast_clone_reserve_calls,5,0,0.0,0,0,0,0.0,"[0,0,0,0,0]"
Ballot,baseline,relay_generation_time_ns,5,43728,42456.8,38805,44984,6179,2360.878599165997,"[44189,40578,43728,44984,38805]"
Ballot,baseline,routing_time_ns,5,17552,16765.4,13921,19181,5260,1832.9653133652039,"[19181,13921,17552,15540,17633]"
Ballot,baseline,dispatch_time_ns,5,836934,862069.2,764820,948492,183672,72010.01946784905,"[836934,942189,817911,948492,764820]"
Ballot,baseline,queue_push_time_ns,5,3395,3859.0,3122,5876,2754,1019.3193807634583,"[5876,3584,3395,3122,3318]"
Ballot,baseline,plan_lookup_time_ns,5,0,0.0,0,0,0,0.0,"[0,0,0,0,0]"
Ballot,baseline,reserve_time_ns,5,0,0.0,0,0,0,0.0,"[0,0,0,0,0]"
Ballot,baseline,queue_single_push_calls,5,0,0.0,0,0,0,0.0,"[0,0,0,0,0]"
Ballot,baseline,queue_legacy_bulk_push_calls,5,9,9.0,9,9,0,0.0,"[9,9,9,9,9]"
Ballot,baseline,queue_lock_acquisitions,5,9,9.0,9,9,0,0.0,"[9,9,9,9,9]"
Ballot,baseline,queue_batch_push_calls,5,0,0.0,0,0,0,0.0,"[0,0,0,0,0]"
Ballot,baseline,queue_batch_elements,5,0,0.0,0,0,0,0.0,"[0,0,0,0,0]"
Ballot,baseline,maximum_batch_size,5,0,0.0,0,0,0,0.0,"[0,0,0,0,0]"
Ballot,baseline,queue_batch_fallbacks,5,0,0.0,0,0,0,0.0,"[0,0,0,0,0]"
Ballot,baseline,queue_notifications,5,0,0.0,0,0,0,0.0,"[0,0,0,0,0]"
Ballot,baseline,average_batch_size,5,0.0,0.0,0.0,0.0,0.0,0.0,"[0.0,0.0,0.0,0.0,0.0]"
Ballot,baseline,relay_buffer_capacity_growth_events,5,4,4.0,4,4,0,0.0,"[4,4,4,4,4]"
Ballot,baseline,relay_buffer_capacity_misses,5,0,0.0,0,0,0,0.0,"[0,0,0,0,0]"
Ballot,baseline,logical_relay_emissions,5,6,6.0,6,6,0,0.0,"[6,6,6,6,6]"
Ballot,baseline,physical_relay_routes,5,9,9.0,9,9,0,0.0,"[9,9,9,9,9]"
Ballot,baseline,relay_executions,5,9,9.0,9,9,0,0.0,"[9,9,9,9,9]"
Ballot,baseline,broadcast_physical_clones,5,3,3.0,3,3,0,0.0,"[3,3,3,3,3]"
Ballot,generic_batch_only,stopwatch_elapsed_ms,5,186,190.6,177,208,31,12.626955294131678,"[203,208,179,186,177]"
Ballot,generic_batch_only,source_tps,5,53768,52697.6,48081,56502,8421,3428.660298133952,"[49266,48081,55871,53768,56502]"
Ballot,generic_batch_only,utps,5,53817,52745.2,48125,56553,8428,3431.636600807259,"[49310,48125,55921,53817,56553]"
Ballot,generic_batch_only,wall_elapsed_seconds,5,5.7123599700280465,5.710832355020102,5.640246846014634,5.7690974330180325,0.1288505870033987,0.05262368491651559,"[5.7690974330180325,5.76823141501518,5.640246846014634,5.664226111024618,5.7123599700280465]"
Ballot,generic_batch_only,max_rss_kib,5,35032,34963.2,34800,35092,292,122.09897624468438,"[34800,35060,35092,34832,35032]"
Ballot,generic_batch_only,plan_loads,5,0,0.0,0,0,0,0.0,"[0,0,0,0,0]"
Ballot,generic_batch_only,plan_load_failures,5,0,0.0,0,0,0,0.0,"[0,0,0,0,0]"
Ballot,generic_batch_only,plan_binding_failures,5,0,0.0,0,0,0,0.0,"[0,0,0,0,0]"
Ballot,generic_batch_only,plan_cache_hits,5,0,0.0,0,0,0,0.0,"[0,0,0,0,0]"
Ballot,generic_batch_only,plan_cache_misses,5,0,0.0,0,0,0,0.0,"[0,0,0,0,0]"
Ballot,generic_batch_only,plan_invalidations,5,0,0.0,0,0,0,0.0,"[0,0,0,0,0]"
Ballot,generic_batch_only,plan_reloads,5,0,0.0,0,0,0,0.0,"[0,0,0,0,0]"
Ballot,generic_batch_only,optimization_eligible_lookups,5,0,0.0,0,0,0,0.0,"[0,0,0,0,0]"
Ballot,generic_batch_only,optimization_fallback_lookups,5,0,0.0,0,0,0,0.0,"[0,0,0,0,0]"
Ballot,generic_batch_only,optimization_eligible_invocations,5,0,0.0,0,0,0,0.0,"[0,0,0,0,0]"
Ballot,generic_batch_only,optimization_fallback_invocations,5,0,0.0,0,0,0,0.0,"[0,0,0,0,0]"
Ballot,generic_batch_only,relay_buffer_reserve_calls,5,0,0.0,0,0,0,0.0,"[0,0,0,0,0]"
Ballot,generic_batch_only,relay_buffer_reserved_elements,5,0,0.0,0,0,0,0.0,"[0,0,0,0,0]"
Ballot,generic_batch_only,relay_buffer_reserve_skipped_unknown,5,0,0.0,0,0,0,0.0,"[0,0,0,0,0]"
Ballot,generic_batch_only,relay_buffer_reserve_skipped_limit,5,0,0.0,0,0,0,0.0,"[0,0,0,0,0]"
Ballot,generic_batch_only,relay_buffer_reserve_failures,5,0,0.0,0,0,0,0.0,"[0,0,0,0,0]"
Ballot,generic_batch_only,broadcast_clone_reserve_calls,5,0,0.0,0,0,0,0.0,"[0,0,0,0,0]"
Ballot,generic_batch_only,relay_generation_time_ns,5,53023,48965.4,33826,62081,28255,10914.464688659724,"[62081,57326,33826,53023,38571]"
Ballot,generic_batch_only,routing_time_ns,5,18339,18208.0,16376,20377,4001,1349.5796382577798,"[20377,17296,16376,18652,18339]"
Ballot,generic_batch_only,dispatch_time_ns,5,748092,775631.8,721526,851289,129763,55328.75022409236,"[832841,851289,721526,748092,724411]"
Ballot,generic_batch_only,queue_push_time_ns,5,8372,8132.8,6738,9863,3125,1096.1440416295661,"[9863,8496,7195,8372,6738]"
Ballot,generic_batch_only,plan_lookup_time_ns,5,0,0.0,0,0,0,0.0,"[0,0,0,0,0]"
Ballot,generic_batch_only,reserve_time_ns,5,0,0.0,0,0,0,0.0,"[0,0,0,0,0]"
Ballot,generic_batch_only,queue_single_push_calls,5,0,0.0,0,0,0,0.0,"[0,0,0,0,0]"
Ballot,generic_batch_only,queue_legacy_bulk_push_calls,5,0,0.0,0,0,0,0.0,"[0,0,0,0,0]"
Ballot,generic_batch_only,queue_lock_acquisitions,5,9,9.0,9,9,0,0.0,"[9,9,9,9,9]"
Ballot,generic_batch_only,queue_batch_push_calls,5,9,9.0,9,9,0,0.0,"[9,9,9,9,9]"
Ballot,generic_batch_only,queue_batch_elements,5,9,9.0,9,9,0,0.0,"[9,9,9,9,9]"
Ballot,generic_batch_only,maximum_batch_size,5,1,1.0,1,1,0,0.0,"[1,1,1,1,1]"
Ballot,generic_batch_only,queue_batch_fallbacks,5,0,0.0,0,0,0,0.0,"[0,0,0,0,0]"
Ballot,generic_batch_only,queue_notifications,5,0,0.0,0,0,0,0.0,"[0,0,0,0,0]"
Ballot,generic_batch_only,average_batch_size,5,1.0,1.0,1.0,1.0,0.0,0.0,"[1.0,1.0,1.0,1.0,1.0]"
Ballot,generic_batch_only,relay_buffer_capacity_growth_events,5,4,4.0,4,4,0,0.0,"[4,4,4,4,4]"
Ballot,generic_batch_only,relay_buffer_capacity_misses,5,0,0.0,0,0,0,0.0,"[0,0,0,0,0]"
Ballot,generic_batch_only,logical_relay_emissions,5,6,6.0,6,6,0,0.0,"[6,6,6,6,6]"
Ballot,generic_batch_only,physical_relay_routes,5,9,9.0,9,9,0,0.0,"[9,9,9,9,9]"
Ballot,generic_batch_only,relay_executions,5,9,9.0,9,9,0,0.0,"[9,9,9,9,9]"
Ballot,generic_batch_only,broadcast_physical_clones,5,3,3.0,3,3,0,0.0,"[3,3,3,3,3]"
Ballot,verified_reserve_only,stopwatch_elapsed_ms,5,187,192.0,166,233,67,22.494443758403985,"[187,233,166,180,194]"
Ballot,verified_reserve_only,source_tps,5,53481,52752.2,42922,60246,17324,5703.564829122222,"[53481,42922,60246,55561,51551]"
Ballot,verified_reserve_only,utps,5,53529,52799.8,42961,60301,17340,5708.787836309912,"[53529,42961,60301,55611,51597]"
Ballot,verified_reserve_only,wall_elapsed_seconds,5,5.688692805008031,5.693097964592743,5.534460463968571,5.805982619989663,0.2715221560210921,0.09908195955143671,"[5.788533393002581,5.805982619989663,5.534460463968571,5.688692805008031,5.647820540994871]"
Ballot,verified_reserve_only,max_rss_kib,5,37268,37345.6,37188,37588,400,161.22729297485583,"[37188,37268,37200,37484,37588]"
Ballot,verified_reserve_only,plan_loads,5,0,0.0,0,0,0,0.0,"[0,0,0,0,0]"
Ballot,verified_reserve_only,plan_load_failures,5,0,0.0,0,0,0,0.0,"[0,0,0,0,0]"
Ballot,verified_reserve_only,plan_binding_failures,5,0,0.0,0,0,0,0.0,"[0,0,0,0,0]"
Ballot,verified_reserve_only,plan_cache_hits,5,10010,10010.0,10010,10010,0,0.0,"[10010,10010,10010,10010,10010]"
Ballot,verified_reserve_only,plan_cache_misses,5,0,0.0,0,0,0,0.0,"[0,0,0,0,0]"
Ballot,verified_reserve_only,plan_invalidations,5,0,0.0,0,0,0,0.0,"[0,0,0,0,0]"
Ballot,verified_reserve_only,plan_reloads,5,0,0.0,0,0,0,0.0,"[0,0,0,0,0]"
Ballot,verified_reserve_only,optimization_eligible_lookups,5,10010,10010.0,10010,10010,0,0.0,"[10010,10010,10010,10010,10010]"
Ballot,verified_reserve_only,optimization_fallback_lookups,5,0,0.0,0,0,0,0.0,"[0,0,0,0,0]"
Ballot,verified_reserve_only,optimization_eligible_invocations,5,10010,10010.0,10010,10010,0,0.0,"[10010,10010,10010,10010,10010]"
Ballot,verified_reserve_only,optimization_fallback_invocations,5,0,0.0,0,0,0,0.0,"[0,0,0,0,0]"
Ballot,verified_reserve_only,relay_buffer_reserve_calls,5,6,6.0,6,6,0,0.0,"[6,6,6,6,6]"
Ballot,verified_reserve_only,relay_buffer_reserved_elements,5,6,6.0,6,6,0,0.0,"[6,6,6,6,6]"
Ballot,verified_reserve_only,relay_buffer_reserve_skipped_unknown,5,0,0.0,0,0,0,0.0,"[0,0,0,0,0]"
Ballot,verified_reserve_only,relay_buffer_reserve_skipped_limit,5,0,0.0,0,0,0,0.0,"[0,0,0,0,0]"
Ballot,verified_reserve_only,relay_buffer_reserve_failures,5,0,0.0,0,0,0,0.0,"[0,0,0,0,0]"
Ballot,verified_reserve_only,broadcast_clone_reserve_calls,5,1,1.0,1,1,0,0.0,"[1,1,1,1,1]"
Ballot,verified_reserve_only,relay_generation_time_ns,5,37554,41350.8,33442,58678,25236,8898.770688134402,"[33442,37554,37327,39753,58678]"
Ballot,verified_reserve_only,routing_time_ns,5,12781,12870.6,11375,15815,4440,1594.982332190548,"[15815,11527,12855,11375,12781]"
Ballot,verified_reserve_only,dispatch_time_ns,5,760178,759966.2,677586,856938,179352,68852.74942484142,"[760178,856938,677586,691721,813408]"
Ballot,verified_reserve_only,queue_push_time_ns,5,3118,3141.6,2737,3587,850,358.4799018076188,"[2759,3118,3507,2737,3587]"
Ballot,verified_reserve_only,plan_lookup_time_ns,5,21062580,21867730.2,16395791,30853539,14457748,4822456.365073028,"[21062580,30853539,19714402,16395791,21312339]"
Ballot,verified_reserve_only,reserve_time_ns,5,8148,8170.6,5894,10469,4575,1455.8250719093967,"[8427,8148,10469,5894,7915]"
Ballot,verified_reserve_only,queue_single_push_calls,5,0,0.0,0,0,0,0.0,"[0,0,0,0,0]"
Ballot,verified_reserve_only,queue_legacy_bulk_push_calls,5,9,9.0,9,9,0,0.0,"[9,9,9,9,9]"
Ballot,verified_reserve_only,queue_lock_acquisitions,5,9,9.0,9,9,0,0.0,"[9,9,9,9,9]"
Ballot,verified_reserve_only,queue_batch_push_calls,5,0,0.0,0,0,0,0.0,"[0,0,0,0,0]"
Ballot,verified_reserve_only,queue_batch_elements,5,0,0.0,0,0,0,0.0,"[0,0,0,0,0]"
Ballot,verified_reserve_only,maximum_batch_size,5,0,0.0,0,0,0,0.0,"[0,0,0,0,0]"
Ballot,verified_reserve_only,queue_batch_fallbacks,5,0,0.0,0,0,0,0.0,"[0,0,0,0,0]"
Ballot,verified_reserve_only,queue_notifications,5,0,0.0,0,0,0,0.0,"[0,0,0,0,0]"
Ballot,verified_reserve_only,average_batch_size,5,0.0,0.0,0.0,0.0,0.0,0.0,"[0.0,0.0,0.0,0.0,0.0]"
Ballot,verified_reserve_only,relay_buffer_capacity_growth_events,5,0,0.0,0,0,0,0.0,"[0,0,0,0,0]"
Ballot,verified_reserve_only,relay_buffer_capacity_misses,5,0,0.0,0,0,0,0.0,"[0,0,0,0,0]"
Ballot,verified_reserve_only,logical_relay_emissions,5,6,6.0,6,6,0,0.0,"[6,6,6,6,6]"
Ballot,verified_reserve_only,physical_relay_routes,5,9,9.0,9,9,0,0.0,"[9,9,9,9,9]"
Ballot,verified_reserve_only,relay_executions,5,9,9.0,9,9,0,0.0,"[9,9,9,9,9]"
Ballot,verified_reserve_only,broadcast_physical_clones,5,3,3.0,3,3,0,0.0,"[3,3,3,3,3]"
Ballot,verified_reserve_plus_batch,stopwatch_elapsed_ms,5,208,201.6,174,230,56,20.4215572373901,"[174,230,213,183,208]"
Ballot,verified_reserve_plus_batch,source_tps,5,48081,50128.6,43482,57477,13995,5155.510318096551,"[57477,43482,46953,54650,48081]"
Ballot,verified_reserve_plus_batch,utps,5,48125,50173.6,43521,57528,14007,5159.918433463847,"[57528,43521,46995,54699,48125]"
Ballot,verified_reserve_plus_batch,wall_elapsed_seconds,5,5.770856207003817,5.781948907824699,5.619623529026285,5.922504578018561,0.3028810489922762,0.11507446972068816,"[5.619623529026285,5.770856207003817,5.922504578018561,5.6997844080324285,5.896975817042403]"
Ballot,verified_reserve_plus_batch,max_rss_kib,5,37208,37204.0,36960,37348,388,142.70529072182293,"[37208,37160,37348,37344,36960]"
Ballot,verified_reserve_plus_batch,plan_loads,5,0,0.0,0,0,0,0.0,"[0,0,0,0,0]"
Ballot,verified_reserve_plus_batch,plan_load_failures,5,0,0.0,0,0,0,0.0,"[0,0,0,0,0]"
Ballot,verified_reserve_plus_batch,plan_binding_failures,5,0,0.0,0,0,0,0.0,"[0,0,0,0,0]"
Ballot,verified_reserve_plus_batch,plan_cache_hits,5,10010,10010.0,10010,10010,0,0.0,"[10010,10010,10010,10010,10010]"
Ballot,verified_reserve_plus_batch,plan_cache_misses,5,0,0.0,0,0,0,0.0,"[0,0,0,0,0]"
Ballot,verified_reserve_plus_batch,plan_invalidations,5,0,0.0,0,0,0,0.0,"[0,0,0,0,0]"
Ballot,verified_reserve_plus_batch,plan_reloads,5,0,0.0,0,0,0,0.0,"[0,0,0,0,0]"
Ballot,verified_reserve_plus_batch,optimization_eligible_lookups,5,10010,10010.0,10010,10010,0,0.0,"[10010,10010,10010,10010,10010]"
Ballot,verified_reserve_plus_batch,optimization_fallback_lookups,5,0,0.0,0,0,0,0.0,"[0,0,0,0,0]"
Ballot,verified_reserve_plus_batch,optimization_eligible_invocations,5,10010,10010.0,10010,10010,0,0.0,"[10010,10010,10010,10010,10010]"
Ballot,verified_reserve_plus_batch,optimization_fallback_invocations,5,0,0.0,0,0,0,0.0,"[0,0,0,0,0]"
Ballot,verified_reserve_plus_batch,relay_buffer_reserve_calls,5,6,6.0,6,6,0,0.0,"[6,6,6,6,6]"
Ballot,verified_reserve_plus_batch,relay_buffer_reserved_elements,5,6,6.0,6,6,0,0.0,"[6,6,6,6,6]"
Ballot,verified_reserve_plus_batch,relay_buffer_reserve_skipped_unknown,5,0,0.0,0,0,0,0.0,"[0,0,0,0,0]"
Ballot,verified_reserve_plus_batch,relay_buffer_reserve_skipped_limit,5,0,0.0,0,0,0,0.0,"[0,0,0,0,0]"
Ballot,verified_reserve_plus_batch,relay_buffer_reserve_failures,5,0,0.0,0,0,0,0.0,"[0,0,0,0,0]"
Ballot,verified_reserve_plus_batch,broadcast_clone_reserve_calls,5,1,1.0,1,1,0,0.0,"[1,1,1,1,1]"
Ballot,verified_reserve_plus_batch,relay_generation_time_ns,5,35377,37875.8,33451,49777,16326,6012.758548287134,"[35377,49777,34710,36064,33451]"
Ballot,verified_reserve_plus_batch,routing_time_ns,5,10838,11218.6,10660,12676,2016,756.2215548369406,"[10660,12676,10691,11228,10838]"
Ballot,verified_reserve_plus_batch,dispatch_time_ns,5,830402,825737.8,728833,941470,212637,73374.6822532132,"[728833,941470,857793,770191,830402]"
Ballot,verified_reserve_plus_batch,queue_push_time_ns,5,6877,6910.8,6397,7838,1441,524.5346127759349,"[7838,7020,6397,6877,6422]"
Ballot,verified_reserve_plus_batch,plan_lookup_time_ns,5,22020420,21896450.2,19925995,23944997,4019002,1630798.020845917,"[22020420,23405154,23944997,19925995,20185685]"
Ballot,verified_reserve_plus_batch,reserve_time_ns,5,7283,7711.8,7015,9890,2875,1096.598267370508,"[7036,9890,7335,7015,7283]"
Ballot,verified_reserve_plus_batch,queue_single_push_calls,5,0,0.0,0,0,0,0.0,"[0,0,0,0,0]"
Ballot,verified_reserve_plus_batch,queue_legacy_bulk_push_calls,5,0,0.0,0,0,0,0.0,"[0,0,0,0,0]"
Ballot,verified_reserve_plus_batch,queue_lock_acquisitions,5,9,9.0,9,9,0,0.0,"[9,9,9,9,9]"
Ballot,verified_reserve_plus_batch,queue_batch_push_calls,5,9,9.0,9,9,0,0.0,"[9,9,9,9,9]"
Ballot,verified_reserve_plus_batch,queue_batch_elements,5,9,9.0,9,9,0,0.0,"[9,9,9,9,9]"
Ballot,verified_reserve_plus_batch,maximum_batch_size,5,1,1.0,1,1,0,0.0,"[1,1,1,1,1]"
Ballot,verified_reserve_plus_batch,queue_batch_fallbacks,5,0,0.0,0,0,0,0.0,"[0,0,0,0,0]"
Ballot,verified_reserve_plus_batch,queue_notifications,5,0,0.0,0,0,0,0.0,"[0,0,0,0,0]"
Ballot,verified_reserve_plus_batch,average_batch_size,5,1.0,1.0,1.0,1.0,0.0,0.0,"[1.0,1.0,1.0,1.0,1.0]"
Ballot,verified_reserve_plus_batch,relay_buffer_capacity_growth_events,5,0,0.0,0,0,0,0.0,"[0,0,0,0,0]"
Ballot,verified_reserve_plus_batch,relay_buffer_capacity_misses,5,0,0.0,0,0,0,0.0,"[0,0,0,0,0]"
Ballot,verified_reserve_plus_batch,logical_relay_emissions,5,6,6.0,6,6,0,0.0,"[6,6,6,6,6]"
Ballot,verified_reserve_plus_batch,physical_relay_routes,5,9,9.0,9,9,0,0.0,"[9,9,9,9,9]"
Ballot,verified_reserve_plus_batch,relay_executions,5,9,9.0,9,9,0,0.0,"[9,9,9,9,9]"
Ballot,verified_reserve_plus_batch,broadcast_physical_clones,5,3,3.0,3,3,0,0.0,"[3,3,3,3,3]"
Kitty,baseline,stopwatch_elapsed_ms,5,2949,2951.6,2900,2999,99,38.08201675331809,"[2989,2921,2999,2900,2949]"
Kitty,baseline,source_tps,5,169,169.0,166,172,6,2.280350850198276,"[167,171,166,172,169]"
Kitty,baseline,utps,5,678,677.2,666,689,23,8.704022058795578,"[669,684,666,689,678]"
Kitty,baseline,wall_elapsed_seconds,5,8.969446832023095,8.979623198194895,8.831347599974833,9.08003071998246,0.2486831200076267,0.08798210816936274,"[9.057883596979082,8.959407242015004,9.08003071998246,8.831347599974833,8.969446832023095]"
Kitty,baseline,max_rss_kib,5,30256,30314.4,30136,30644,508,189.17251385970425,"[30136,30644,30392,30256,30144]"
Kitty,baseline,plan_loads,5,0,0.0,0,0,0,0.0,"[0,0,0,0,0]"
Kitty,baseline,plan_load_failures,5,0,0.0,0,0,0,0.0,"[0,0,0,0,0]"
Kitty,baseline,plan_binding_failures,5,0,0.0,0,0,0,0.0,"[0,0,0,0,0]"
Kitty,baseline,plan_cache_hits,5,0,0.0,0,0,0,0.0,"[0,0,0,0,0]"
Kitty,baseline,plan_cache_misses,5,0,0.0,0,0,0,0.0,"[0,0,0,0,0]"
Kitty,baseline,plan_invalidations,5,0,0.0,0,0,0,0.0,"[0,0,0,0,0]"
Kitty,baseline,plan_reloads,5,0,0.0,0,0,0,0.0,"[0,0,0,0,0]"
Kitty,baseline,optimization_eligible_lookups,5,0,0.0,0,0,0,0.0,"[0,0,0,0,0]"
Kitty,baseline,optimization_fallback_lookups,5,0,0.0,0,0,0,0.0,"[0,0,0,0,0]"
Kitty,baseline,optimization_eligible_invocations,5,0,0.0,0,0,0,0.0,"[0,0,0,0,0]"
Kitty,baseline,optimization_fallback_invocations,5,0,0.0,0,0,0,0.0,"[0,0,0,0,0]"
Kitty,baseline,relay_buffer_reserve_calls,5,0,0.0,0,0,0,0.0,"[0,0,0,0,0]"
Kitty,baseline,relay_buffer_reserved_elements,5,0,0.0,0,0,0,0.0,"[0,0,0,0,0]"
Kitty,baseline,relay_buffer_reserve_skipped_unknown,5,0,0.0,0,0,0,0.0,"[0,0,0,0,0]"
Kitty,baseline,relay_buffer_reserve_skipped_limit,5,0,0.0,0,0,0,0.0,"[0,0,0,0,0]"
Kitty,baseline,relay_buffer_reserve_failures,5,0,0.0,0,0,0,0.0,"[0,0,0,0,0]"
Kitty,baseline,broadcast_clone_reserve_calls,5,0,0.0,0,0,0,0.0,"[0,0,0,0,0]"
Kitty,baseline,relay_generation_time_ns,5,4767198,4803465.6,4620822,5024246,403424,135523.72088250823,"[5024246,4767198,4620822,4737671,4867391]"
Kitty,baseline,routing_time_ns,5,4538660,4528537.6,4416881,4621138,204257,66771.46869314768,"[4538660,4556539,4621138,4416881,4509470]"
Kitty,baseline,dispatch_time_ns,5,1230202,1214111.6,1135252,1244713,109461,39852.22119079437,"[1230202,1228024,1244713,1135252,1232367]"
Kitty,baseline,queue_push_time_ns,5,534239,532954.4,523573,538151,14578,5142.074585223361,"[532024,538151,534239,523573,536785]"
Kitty,baseline,plan_lookup_time_ns,5,0,0.0,0,0,0,0.0,"[0,0,0,0,0]"
Kitty,baseline,reserve_time_ns,5,0,0.0,0,0,0,0.0,"[0,0,0,0,0]"
Kitty,baseline,queue_single_push_calls,5,367,369.6,365,381,16,5.986651818838306,"[365,365,370,381,367]"
Kitty,baseline,queue_legacy_bulk_push_calls,5,1133,1130.4,1119,1135,16,5.986651818838307,"[1135,1135,1130,1119,1133]"
Kitty,baseline,queue_lock_acquisitions,5,1500,1500.0,1500,1500,0,0.0,"[1500,1500,1500,1500,1500]"
Kitty,baseline,queue_batch_push_calls,5,0,0.0,0,0,0,0.0,"[0,0,0,0,0]"
Kitty,baseline,queue_batch_elements,5,0,0.0,0,0,0,0.0,"[0,0,0,0,0]"
Kitty,baseline,maximum_batch_size,5,0,0.0,0,0,0,0.0,"[0,0,0,0,0]"
Kitty,baseline,queue_batch_fallbacks,5,0,0.0,0,0,0,0.0,"[0,0,0,0,0]"
Kitty,baseline,queue_notifications,5,0,0.0,0,0,0,0.0,"[0,0,0,0,0]"
Kitty,baseline,average_batch_size,5,0.0,0.0,0.0,0.0,0.0,0.0,"[0.0,0.0,0.0,0.0,0.0]"
Kitty,baseline,relay_buffer_capacity_growth_events,5,4,4.0,4,4,0,0.0,"[4,4,4,4,4]"
Kitty,baseline,relay_buffer_capacity_misses,5,0,0.0,0,0,0,0.0,"[0,0,0,0,0]"
Kitty,baseline,logical_relay_emissions,5,1500,1500.0,1500,1500,0,0.0,"[1500,1500,1500,1500,1500]"
Kitty,baseline,physical_relay_routes,5,1500,1500.0,1500,1500,0,0.0,"[1500,1500,1500,1500,1500]"
Kitty,baseline,relay_executions,5,1500,1500.0,1500,1500,0,0.0,"[1500,1500,1500,1500,1500]"
Kitty,baseline,broadcast_physical_clones,5,0,0.0,0,0,0,0.0,"[0,0,0,0,0]"
Kitty,generic_batch_only,stopwatch_elapsed_ms,5,3010,2994.4,2898,3100,202,75.41511784781616,"[3043,3010,2898,3100,2921]"
Kitty,generic_batch_only,source_tps,5,166,166.8,161,172,11,4.166533331199932,"[164,166,172,161,171]"
Kitty,generic_batch_only,utps,5,664,668.0,645,690,45,16.769019053003667,"[657,664,690,645,684]"
Kitty,generic_batch_only,wall_elapsed_seconds,5,9.09798686800059,9.069526474399026,8.910630896978546,9.246244748006575,0.3356138510280289,0.1267993672013719,"[9.1513425129815,9.09798686800059,8.941427346027922,9.246244748006575,8.910630896978546]"
Kitty,generic_batch_only,max_rss_kib,5,30136,30154.4,30020,30388,368,124.26037180050605,"[30388,30136,30020,30136,30092]"
Kitty,generic_batch_only,plan_loads,5,0,0.0,0,0,0,0.0,"[0,0,0,0,0]"
Kitty,generic_batch_only,plan_load_failures,5,0,0.0,0,0,0,0.0,"[0,0,0,0,0]"
Kitty,generic_batch_only,plan_binding_failures,5,0,0.0,0,0,0,0.0,"[0,0,0,0,0]"
Kitty,generic_batch_only,plan_cache_hits,5,0,0.0,0,0,0,0.0,"[0,0,0,0,0]"
Kitty,generic_batch_only,plan_cache_misses,5,0,0.0,0,0,0,0.0,"[0,0,0,0,0]"
Kitty,generic_batch_only,plan_invalidations,5,0,0.0,0,0,0,0.0,"[0,0,0,0,0]"
Kitty,generic_batch_only,plan_reloads,5,0,0.0,0,0,0,0.0,"[0,0,0,0,0]"
Kitty,generic_batch_only,optimization_eligible_lookups,5,0,0.0,0,0,0,0.0,"[0,0,0,0,0]"
Kitty,generic_batch_only,optimization_fallback_lookups,5,0,0.0,0,0,0,0.0,"[0,0,0,0,0]"
Kitty,generic_batch_only,optimization_eligible_invocations,5,0,0.0,0,0,0,0.0,"[0,0,0,0,0]"
Kitty,generic_batch_only,optimization_fallback_invocations,5,0,0.0,0,0,0,0.0,"[0,0,0,0,0]"
Kitty,generic_batch_only,relay_buffer_reserve_calls,5,0,0.0,0,0,0,0.0,"[0,0,0,0,0]"
Kitty,generic_batch_only,relay_buffer_reserved_elements,5,0,0.0,0,0,0,0.0,"[0,0,0,0,0]"
Kitty,generic_batch_only,relay_buffer_reserve_skipped_unknown,5,0,0.0,0,0,0,0.0,"[0,0,0,0,0]"
Kitty,generic_batch_only,relay_buffer_reserve_skipped_limit,5,0,0.0,0,0,0,0.0,"[0,0,0,0,0]"
Kitty,generic_batch_only,relay_buffer_reserve_failures,5,0,0.0,0,0,0,0.0,"[0,0,0,0,0]"
Kitty,generic_batch_only,broadcast_clone_reserve_calls,5,0,0.0,0,0,0,0.0,"[0,0,0,0,0]"
Kitty,generic_batch_only,relay_generation_time_ns,5,4842388,4882250.6,4676968,5094057,417089,138656.8097247301,"[4842388,5094057,4839840,4958000,4676968]"
Kitty,generic_batch_only,routing_time_ns,5,4731767,4683012.0,4505309,4759506,254197,95818.96401861169,"[4759506,4757839,4660639,4731767,4505309]"
Kitty,generic_batch_only,dispatch_time_ns,5,1653347,1636112.6,1561193,1710307,149114,59092.024248962734,"[1682210,1710307,1573506,1653347,1561193]"
Kitty,generic_batch_only,queue_push_time_ns,5,911781,908285.8,867590,961418,93828,32093.235408104305,"[911781,961418,884017,916623,867590]"
Kitty,generic_batch_only,plan_lookup_time_ns,5,0,0.0,0,0,0,0.0,"[0,0,0,0,0]"
Kitty,generic_batch_only,reserve_time_ns,5,0,0.0,0,0,0,0.0,"[0,0,0,0,0]"
Kitty,generic_batch_only,queue_single_push_calls,5,367,363.0,349,368,19,7.127411872482185,"[364,367,367,368,349]"
Kitty,generic_batch_only,queue_legacy_bulk_push_calls,5,0,0.0,0,0,0,0.0,"[0,0,0,0,0]"
Kitty,generic_batch_only,queue_lock_acquisitions,5,1500,1500.0,1500,1500,0,0.0,"[1500,1500,1500,1500,1500]"
Kitty,generic_batch_only,queue_batch_push_calls,5,1133,1137.0,1132,1151,19,7.127411872482185,"[1136,1133,1133,1132,1151]"
Kitty,generic_batch_only,queue_batch_elements,5,1133,1137.0,1132,1151,19,7.127411872482185,"[1136,1133,1133,1132,1151]"
Kitty,generic_batch_only,maximum_batch_size,5,1,1.0,1,1,0,0.0,"[1,1,1,1,1]"
Kitty,generic_batch_only,queue_batch_fallbacks,5,0,0.0,0,0,0,0.0,"[0,0,0,0,0]"
Kitty,generic_batch_only,queue_notifications,5,0,0.0,0,0,0,0.0,"[0,0,0,0,0]"
Kitty,generic_batch_only,average_batch_size,5,1.0,1.0,1.0,1.0,0.0,0.0,"[1.0,1.0,1.0,1.0,1.0]"
Kitty,generic_batch_only,relay_buffer_capacity_growth_events,5,4,4.0,4,4,0,0.0,"[4,4,4,4,4]"
Kitty,generic_batch_only,relay_buffer_capacity_misses,5,0,0.0,0,0,0,0.0,"[0,0,0,0,0]"
Kitty,generic_batch_only,logical_relay_emissions,5,1500,1500.0,1500,1500,0,0.0,"[1500,1500,1500,1500,1500]"
Kitty,generic_batch_only,physical_relay_routes,5,1500,1500.0,1500,1500,0,0.0,"[1500,1500,1500,1500,1500]"
Kitty,generic_batch_only,relay_executions,5,1500,1500.0,1500,1500,0,0.0,"[1500,1500,1500,1500,1500]"
Kitty,generic_batch_only,broadcast_physical_clones,5,0,0.0,0,0,0,0.0,"[0,0,0,0,0]"
Kitty,verified_reserve_only,stopwatch_elapsed_ms,5,2966,2989.8,2912,3077,165,69.8695928140418,"[3077,2966,3068,2926,2912]"
Kitty,verified_reserve_only,source_tps,5,168,166.6,162,171,9,3.878143885933063,"[162,168,162,170,171]"
Kitty,verified_reserve_only,utps,5,674,668.6,649,686,37,15.704776343520464,"[649,674,651,683,686]"
Kitty,verified_reserve_only,wall_elapsed_seconds,5,9.018336825014558,9.038888496416622,8.948693689017091,9.237543777038809,0.28885008802171797,0.10322712228061591,"[9.237543777038809,9.018336825014558,9.021333149983548,8.9685350410291,8.948693689017091]"
Kitty,verified_reserve_only,max_rss_kib,5,31432,31404.8,31132,31676,544,201.40943374132206,"[31556,31228,31676,31432,31132]"
Kitty,verified_reserve_only,plan_loads,5,0,0.0,0,0,0,0.0,"[0,0,0,0,0]"
Kitty,verified_reserve_only,plan_load_failures,5,0,0.0,0,0,0,0.0,"[0,0,0,0,0]"
Kitty,verified_reserve_only,plan_binding_failures,5,0,0.0,0,0,0,0.0,"[0,0,0,0,0]"
Kitty,verified_reserve_only,plan_cache_hits,5,2000,2000.0,2000,2000,0,0.0,"[2000,2000,2000,2000,2000]"
Kitty,verified_reserve_only,plan_cache_misses,5,0,0.0,0,0,0,0.0,"[0,0,0,0,0]"
Kitty,verified_reserve_only,plan_invalidations,5,0,0.0,0,0,0,0.0,"[0,0,0,0,0]"
Kitty,verified_reserve_only,plan_reloads,5,0,0.0,0,0,0,0.0,"[0,0,0,0,0]"
Kitty,verified_reserve_only,optimization_eligible_lookups,5,2000,2000.0,2000,2000,0,0.0,"[2000,2000,2000,2000,2000]"
Kitty,verified_reserve_only,optimization_fallback_lookups,5,0,0.0,0,0,0,0.0,"[0,0,0,0,0]"
Kitty,verified_reserve_only,optimization_eligible_invocations,5,2000,2000.0,2000,2000,0,0.0,"[2000,2000,2000,2000,2000]"
Kitty,verified_reserve_only,optimization_fallback_invocations,5,0,0.0,0,0,0,0.0,"[0,0,0,0,0]"
Kitty,verified_reserve_only,relay_buffer_reserve_calls,5,1500,1500.0,1500,1500,0,0.0,"[1500,1500,1500,1500,1500]"
Kitty,verified_reserve_only,relay_buffer_reserved_elements,5,1500,1500.0,1500,1500,0,0.0,"[1500,1500,1500,1500,1500]"
Kitty,verified_reserve_only,relay_buffer_reserve_skipped_unknown,5,0,0.0,0,0,0,0.0,"[0,0,0,0,0]"
Kitty,verified_reserve_only,relay_buffer_reserve_skipped_limit,5,0,0.0,0,0,0,0.0,"[0,0,0,0,0]"
Kitty,verified_reserve_only,relay_buffer_reserve_failures,5,0,0.0,0,0,0,0.0,"[0,0,0,0,0]"
Kitty,verified_reserve_only,broadcast_clone_reserve_calls,5,0,0.0,0,0,0,0.0,"[0,0,0,0,0]"
Kitty,verified_reserve_only,relay_generation_time_ns,5,4643686,4687140.0,4391092,5127900,736808,248514.80887866623,"[5127900,4536838,4736184,4391092,4643686]"
Kitty,verified_reserve_only,routing_time_ns,5,4396325,4460336.4,4363891,4629260,265369,103931.77083952722,"[4629260,4396325,4533688,4363891,4378518]"
Kitty,verified_reserve_only,dispatch_time_ns,5,1199157,1223846.8,1182828,1301058,118230,43287.18401282301,"[1301058,1195193,1240998,1199157,1182828]"
Kitty,verified_reserve_only,queue_push_time_ns,5,527195,529685.6,508005,553192,45187,17851.81294546859,"[553192,513219,546817,527195,508005]"
Kitty,verified_reserve_only,plan_lookup_time_ns,5,17809990,18014989.2,17407229,19253684,1846455,638395.4989845714,"[17809990,19253684,17827237,17407229,17776806]"
Kitty,verified_reserve_only,reserve_time_ns,5,242000,242653.8,229821,265503,35682,12363.98459073773,"[242000,242054,233891,229821,265503]"
Kitty,verified_reserve_only,queue_single_push_calls,5,370,370.0,367,373,6,2.280350850198276,"[370,372,368,367,373]"
Kitty,verified_reserve_only,queue_legacy_bulk_push_calls,5,1130,1130.0,1127,1133,6,2.280350850198276,"[1130,1128,1132,1133,1127]"
Kitty,verified_reserve_only,queue_lock_acquisitions,5,1500,1500.0,1500,1500,0,0.0,"[1500,1500,1500,1500,1500]"
Kitty,verified_reserve_only,queue_batch_push_calls,5,0,0.0,0,0,0,0.0,"[0,0,0,0,0]"
Kitty,verified_reserve_only,queue_batch_elements,5,0,0.0,0,0,0,0.0,"[0,0,0,0,0]"
Kitty,verified_reserve_only,maximum_batch_size,5,0,0.0,0,0,0,0.0,"[0,0,0,0,0]"
Kitty,verified_reserve_only,queue_batch_fallbacks,5,0,0.0,0,0,0,0.0,"[0,0,0,0,0]"
Kitty,verified_reserve_only,queue_notifications,5,0,0.0,0,0,0,0.0,"[0,0,0,0,0]"
Kitty,verified_reserve_only,average_batch_size,5,0.0,0.0,0.0,0.0,0.0,0.0,"[0.0,0.0,0.0,0.0,0.0]"
Kitty,verified_reserve_only,relay_buffer_capacity_growth_events,5,0,0.0,0,0,0,0.0,"[0,0,0,0,0]"
Kitty,verified_reserve_only,relay_buffer_capacity_misses,5,0,0.0,0,0,0,0.0,"[0,0,0,0,0]"
Kitty,verified_reserve_only,logical_relay_emissions,5,1500,1500.0,1500,1500,0,0.0,"[1500,1500,1500,1500,1500]"
Kitty,verified_reserve_only,physical_relay_routes,5,1500,1500.0,1500,1500,0,0.0,"[1500,1500,1500,1500,1500]"
Kitty,verified_reserve_only,relay_executions,5,1500,1500.0,1500,1500,0,0.0,"[1500,1500,1500,1500,1500]"
Kitty,verified_reserve_only,broadcast_physical_clones,5,0,0.0,0,0,0,0.0,"[0,0,0,0,0]"
Kitty,verified_reserve_plus_batch,stopwatch_elapsed_ms,5,2928,2990.0,2880,3262,382,139.65672200076872,"[2928,2976,3262,2880,2904]"
Kitty,verified_reserve_plus_batch,source_tps,5,170,167.2,153,173,20,7.30479294709987,"[170,168,153,173,172]"
Kitty,verified_reserve_plus_batch,utps,5,683,670.0,613,694,81,29.400680264238783,"[683,672,613,694,688]"
Kitty,verified_reserve_plus_batch,wall_elapsed_seconds,5,9.1833077929914,9.16084437778918,8.960346887994092,9.273375823977403,0.3130289359833114,0.10814818965738549,"[9.155075030983426,9.232116352999583,9.273375823977403,8.960346887994092,9.1833077929914]"
Kitty,verified_reserve_plus_batch,max_rss_kib,5,31172,31221.6,30916,31568,652,232.80687275078458,"[31392,31568,30916,31060,31172]"
Kitty,verified_reserve_plus_batch,plan_loads,5,0,0.0,0,0,0,0.0,"[0,0,0,0,0]"
Kitty,verified_reserve_plus_batch,plan_load_failures,5,0,0.0,0,0,0,0.0,"[0,0,0,0,0]"
Kitty,verified_reserve_plus_batch,plan_binding_failures,5,0,0.0,0,0,0,0.0,"[0,0,0,0,0]"
Kitty,verified_reserve_plus_batch,plan_cache_hits,5,2000,2000.0,2000,2000,0,0.0,"[2000,2000,2000,2000,2000]"
Kitty,verified_reserve_plus_batch,plan_cache_misses,5,0,0.0,0,0,0,0.0,"[0,0,0,0,0]"
Kitty,verified_reserve_plus_batch,plan_invalidations,5,0,0.0,0,0,0,0.0,"[0,0,0,0,0]"
Kitty,verified_reserve_plus_batch,plan_reloads,5,0,0.0,0,0,0,0.0,"[0,0,0,0,0]"
Kitty,verified_reserve_plus_batch,optimization_eligible_lookups,5,2000,2000.0,2000,2000,0,0.0,"[2000,2000,2000,2000,2000]"
Kitty,verified_reserve_plus_batch,optimization_fallback_lookups,5,0,0.0,0,0,0,0.0,"[0,0,0,0,0]"
Kitty,verified_reserve_plus_batch,optimization_eligible_invocations,5,2000,2000.0,2000,2000,0,0.0,"[2000,2000,2000,2000,2000]"
Kitty,verified_reserve_plus_batch,optimization_fallback_invocations,5,0,0.0,0,0,0,0.0,"[0,0,0,0,0]"
Kitty,verified_reserve_plus_batch,relay_buffer_reserve_calls,5,1500,1500.0,1500,1500,0,0.0,"[1500,1500,1500,1500,1500]"
Kitty,verified_reserve_plus_batch,relay_buffer_reserved_elements,5,1500,1500.0,1500,1500,0,0.0,"[1500,1500,1500,1500,1500]"
Kitty,verified_reserve_plus_batch,relay_buffer_reserve_skipped_unknown,5,0,0.0,0,0,0,0.0,"[0,0,0,0,0]"
Kitty,verified_reserve_plus_batch,relay_buffer_reserve_skipped_limit,5,0,0.0,0,0,0,0.0,"[0,0,0,0,0]"
Kitty,verified_reserve_plus_batch,relay_buffer_reserve_failures,5,0,0.0,0,0,0,0.0,"[0,0,0,0,0]"
Kitty,verified_reserve_plus_batch,broadcast_clone_reserve_calls,5,0,0.0,0,0,0,0.0,"[0,0,0,0,0]"
Kitty,verified_reserve_plus_batch,relay_generation_time_ns,5,4703091,4805590.8,4541447,5315342,773895,269711.31909906934,"[4703091,4652316,5315342,4815758,4541447]"
Kitty,verified_reserve_plus_batch,routing_time_ns,5,4529735,4561882.8,4362406,4972302,609896,217308.03375245933,"[4529735,4362406,4972302,4546180,4398791]"
Kitty,verified_reserve_plus_batch,dispatch_time_ns,5,1599318,1649068.4,1566904,1838710,271806,102367.60411888128,"[1566904,1672833,1838710,1599318,1567577]"
Kitty,verified_reserve_plus_batch,queue_push_time_ns,5,893100,934568.0,885119,1035937,150818,58767.56644612741,"[893100,966578,1035937,892106,885119]"
Kitty,verified_reserve_plus_batch,plan_lookup_time_ns,5,17284959,17621260.4,16310578,19927365,3616787,1326220.5357203002,"[17284959,16310578,19927365,18136679,16446721]"
Kitty,verified_reserve_plus_batch,reserve_time_ns,5,236746,239342.0,225645,264774,39129,13435.733504353233,"[236746,231634,264774,225645,237911]"
Kitty,verified_reserve_plus_batch,queue_single_push_calls,5,368,368.6,366,371,5,2.0591260281974,"[368,371,366,367,371]"
Kitty,verified_reserve_plus_batch,queue_legacy_bulk_push_calls,5,0,0.0,0,0,0,0.0,"[0,0,0,0,0]"
Kitty,verified_reserve_plus_batch,queue_lock_acquisitions,5,1500,1500.0,1500,1500,0,0.0,"[1500,1500,1500,1500,1500]"
Kitty,verified_reserve_plus_batch,queue_batch_push_calls,5,1132,1131.4,1129,1134,5,2.0591260281974,"[1132,1129,1134,1133,1129]"
Kitty,verified_reserve_plus_batch,queue_batch_elements,5,1132,1131.4,1129,1134,5,2.0591260281974,"[1132,1129,1134,1133,1129]"
Kitty,verified_reserve_plus_batch,maximum_batch_size,5,1,1.0,1,1,0,0.0,"[1,1,1,1,1]"
Kitty,verified_reserve_plus_batch,queue_batch_fallbacks,5,0,0.0,0,0,0,0.0,"[0,0,0,0,0]"
Kitty,verified_reserve_plus_batch,queue_notifications,5,0,0.0,0,0,0,0.0,"[0,0,0,0,0]"
Kitty,verified_reserve_plus_batch,average_batch_size,5,1.0,1.0,1.0,1.0,0.0,0.0,"[1.0,1.0,1.0,1.0,1.0]"
Kitty,verified_reserve_plus_batch,relay_buffer_capacity_growth_events,5,0,0.0,0,0,0,0.0,"[0,0,0,0,0]"
Kitty,verified_reserve_plus_batch,relay_buffer_capacity_misses,5,0,0.0,0,0,0,0.0,"[0,0,0,0,0]"
Kitty,verified_reserve_plus_batch,logical_relay_emissions,5,1500,1500.0,1500,1500,0,0.0,"[1500,1500,1500,1500,1500]"
Kitty,verified_reserve_plus_batch,physical_relay_routes,5,1500,1500.0,1500,1500,0,0.0,"[1500,1500,1500,1500,1500]"
Kitty,verified_reserve_plus_batch,relay_executions,5,1500,1500.0,1500,1500,0,0.0,"[1500,1500,1500,1500,1500]"
Kitty,verified_reserve_plus_batch,broadcast_physical_clones,5,0,0.0,0,0,0,0.0,"[0,0,0,0,0]"
MillionPixel,baseline,stopwatch_elapsed_ms,5,133,136.8,126,153,27,10.225458424931373,"[126,128,144,153,133]"
MillionPixel,baseline,source_tps,5,75187,73496.0,65359,79365,14006,5317.175114663801,"[79365,78125,69444,65359,75187]"
MillionPixel,baseline,utps,5,150375,146992.2,130718,158730,28012,10634.413841862653,"[158730,156250,138888,130718,150375]"
MillionPixel,baseline,wall_elapsed_seconds,5,3.139976344013121,3.167742613400333,3.1376862510223873,3.222626081958879,0.08493983093649149,0.03620332792264982,"[3.138695481000468,3.199728909006808,3.139976344013121,3.1376862510223873,3.222626081958879]"
MillionPixel,baseline,max_rss_kib,5,36684,36709.6,36604,36900,296,102.96717923688111,"[36640,36720,36604,36900,36684]"
MillionPixel,baseline,plan_loads,5,0,0.0,0,0,0,0.0,"[0,0,0,0,0]"
MillionPixel,baseline,plan_load_failures,5,0,0.0,0,0,0,0.0,"[0,0,0,0,0]"
MillionPixel,baseline,plan_binding_failures,5,0,0.0,0,0,0,0.0,"[0,0,0,0,0]"
MillionPixel,baseline,plan_cache_hits,5,0,0.0,0,0,0,0.0,"[0,0,0,0,0]"
MillionPixel,baseline,plan_cache_misses,5,0,0.0,0,0,0,0.0,"[0,0,0,0,0]"
MillionPixel,baseline,plan_invalidations,5,0,0.0,0,0,0,0.0,"[0,0,0,0,0]"
MillionPixel,baseline,plan_reloads,5,0,0.0,0,0,0,0.0,"[0,0,0,0,0]"
MillionPixel,baseline,optimization_eligible_lookups,5,0,0.0,0,0,0,0.0,"[0,0,0,0,0]"
MillionPixel,baseline,optimization_fallback_lookups,5,0,0.0,0,0,0,0.0,"[0,0,0,0,0]"
MillionPixel,baseline,optimization_eligible_invocations,5,0,0.0,0,0,0,0.0,"[0,0,0,0,0]"
MillionPixel,baseline,optimization_fallback_invocations,5,0,0.0,0,0,0,0.0,"[0,0,0,0,0]"
MillionPixel,baseline,relay_buffer_reserve_calls,5,0,0.0,0,0,0,0.0,"[0,0,0,0,0]"
MillionPixel,baseline,relay_buffer_reserved_elements,5,0,0.0,0,0,0,0.0,"[0,0,0,0,0]"
MillionPixel,baseline,relay_buffer_reserve_skipped_unknown,5,0,0.0,0,0,0,0.0,"[0,0,0,0,0]"
MillionPixel,baseline,relay_buffer_reserve_skipped_limit,5,0,0.0,0,0,0,0.0,"[0,0,0,0,0]"
MillionPixel,baseline,relay_buffer_reserve_failures,5,0,0.0,0,0,0,0.0,"[0,0,0,0,0]"
MillionPixel,baseline,broadcast_clone_reserve_calls,5,0,0.0,0,0,0,0.0,"[0,0,0,0,0]"
MillionPixel,baseline,relay_generation_time_ns,5,12447867,13197161.2,12385818,14501227,2115409,954639.087711246,"[12385818,12430054,14220840,14501227,12447867]"
MillionPixel,baseline,routing_time_ns,5,19169148,18628289.6,17020670,20024315,3003645,1164783.3274274834,"[17488071,17020670,19439244,20024315,19169148]"
MillionPixel,baseline,dispatch_time_ns,5,6183550,6360781.2,6072636,6808149,735513,311135.9560265576,"[6072636,6183550,6808149,6660723,6078848]"
MillionPixel,baseline,queue_push_time_ns,5,3260696,3363492.2,3158878,3632402,473524,177196.1767966792,"[3257234,3260696,3632402,3508251,3158878]"
MillionPixel,baseline,plan_lookup_time_ns,5,0,0.0,0,0,0,0.0,"[0,0,0,0,0]"
MillionPixel,baseline,reserve_time_ns,5,0,0.0,0,0,0,0.0,"[0,0,0,0,0]"
MillionPixel,baseline,queue_single_push_calls,5,2525,2525.0,2525,2525,0,0.0,"[2525,2525,2525,2525,2525]"
MillionPixel,baseline,queue_legacy_bulk_push_calls,5,7475,7475.0,7475,7475,0,0.0,"[7475,7475,7475,7475,7475]"
MillionPixel,baseline,queue_lock_acquisitions,5,10000,10000.0,10000,10000,0,0.0,"[10000,10000,10000,10000,10000]"
MillionPixel,baseline,queue_batch_push_calls,5,0,0.0,0,0,0,0.0,"[0,0,0,0,0]"
MillionPixel,baseline,queue_batch_elements,5,0,0.0,0,0,0,0.0,"[0,0,0,0,0]"
MillionPixel,baseline,maximum_batch_size,5,0,0.0,0,0,0,0.0,"[0,0,0,0,0]"
MillionPixel,baseline,queue_batch_fallbacks,5,0,0.0,0,0,0,0.0,"[0,0,0,0,0]"
MillionPixel,baseline,queue_notifications,5,0,0.0,0,0,0,0.0,"[0,0,0,0,0]"
MillionPixel,baseline,average_batch_size,5,0.0,0.0,0.0,0.0,0.0,0.0,"[0.0,0.0,0.0,0.0,0.0]"
MillionPixel,baseline,relay_buffer_capacity_growth_events,5,4,4.0,4,4,0,0.0,"[4,4,4,4,4]"
MillionPixel,baseline,relay_buffer_capacity_misses,5,0,0.0,0,0,0,0.0,"[0,0,0,0,0]"
MillionPixel,baseline,logical_relay_emissions,5,10000,10000.0,10000,10000,0,0.0,"[10000,10000,10000,10000,10000]"
MillionPixel,baseline,physical_relay_routes,5,10000,10000.0,10000,10000,0,0.0,"[10000,10000,10000,10000,10000]"
MillionPixel,baseline,relay_executions,5,10000,10000.0,10000,10000,0,0.0,"[10000,10000,10000,10000,10000]"
MillionPixel,baseline,broadcast_physical_clones,5,0,0.0,0,0,0,0.0,"[0,0,0,0,0]"
MillionPixel,generic_batch_only,stopwatch_elapsed_ms,5,122,126.2,118,141,23,8.997777503361593,"[118,132,122,141,118]"
MillionPixel,generic_batch_only,source_tps,5,81967,79627.0,70921,84745,13824,5452.243281439301,"[84745,75757,81967,70921,84745]"
MillionPixel,generic_batch_only,utps,5,163934,159254.8,141843,169491,27648,10904.400733648778,"[169491,151515,163934,141843,169491]"
MillionPixel,generic_batch_only,wall_elapsed_seconds,5,3.1643398490268737,3.1851336508058012,3.0566000399994664,3.3070649610017426,0.25046492100227624,0.08326037208960448,"[3.0566000399994664,3.2339433730230667,3.1643398490268737,3.3070649610017426,3.1637200309778564]"
MillionPixel,generic_batch_only,max_rss_kib,5,36560,36559.2,36440,36652,212,68.46429726507094,"[36560,36440,36584,36652,36560]"
MillionPixel,generic_batch_only,plan_loads,5,0,0.0,0,0,0,0.0,"[0,0,0,0,0]"
MillionPixel,generic_batch_only,plan_load_failures,5,0,0.0,0,0,0,0.0,"[0,0,0,0,0]"
MillionPixel,generic_batch_only,plan_binding_failures,5,0,0.0,0,0,0,0.0,"[0,0,0,0,0]"
MillionPixel,generic_batch_only,plan_cache_hits,5,0,0.0,0,0,0,0.0,"[0,0,0,0,0]"
MillionPixel,generic_batch_only,plan_cache_misses,5,0,0.0,0,0,0,0.0,"[0,0,0,0,0]"
MillionPixel,generic_batch_only,plan_invalidations,5,0,0.0,0,0,0,0.0,"[0,0,0,0,0]"
MillionPixel,generic_batch_only,plan_reloads,5,0,0.0,0,0,0,0.0,"[0,0,0,0,0]"
MillionPixel,generic_batch_only,optimization_eligible_lookups,5,0,0.0,0,0,0,0.0,"[0,0,0,0,0]"
MillionPixel,generic_batch_only,optimization_fallback_lookups,5,0,0.0,0,0,0,0.0,"[0,0,0,0,0]"
MillionPixel,generic_batch_only,optimization_eligible_invocations,5,0,0.0,0,0,0,0.0,"[0,0,0,0,0]"
MillionPixel,generic_batch_only,optimization_fallback_invocations,5,0,0.0,0,0,0,0.0,"[0,0,0,0,0]"
MillionPixel,generic_batch_only,relay_buffer_reserve_calls,5,0,0.0,0,0,0,0.0,"[0,0,0,0,0]"
MillionPixel,generic_batch_only,relay_buffer_reserved_elements,5,0,0.0,0,0,0,0.0,"[0,0,0,0,0]"
MillionPixel,generic_batch_only,relay_buffer_reserve_skipped_unknown,5,0,0.0,0,0,0,0.0,"[0,0,0,0,0]"
MillionPixel,generic_batch_only,relay_buffer_reserve_skipped_limit,5,0,0.0,0,0,0,0.0,"[0,0,0,0,0]"
MillionPixel,generic_batch_only,relay_buffer_reserve_failures,5,0,0.0,0,0,0,0.0,"[0,0,0,0,0]"
MillionPixel,generic_batch_only,broadcast_clone_reserve_calls,5,0,0.0,0,0,0,0.0,"[0,0,0,0,0]"
MillionPixel,generic_batch_only,relay_generation_time_ns,5,11863280,12242592.8,11587300,13521412,1934112,690617.2787697684,"[11587300,12390926,11850046,13521412,11863280]"
MillionPixel,generic_batch_only,routing_time_ns,5,16587490,17321531.6,15935991,19566631,3630640,1322474.7966186123,"[15935991,18045478,16587490,19566631,16472068]"
MillionPixel,generic_batch_only,dispatch_time_ns,5,6157796,6250678.4,5822020,6949090,1127070,388142.85373795044,"[5822020,5992716,6157796,6949090,6331770]"
MillionPixel,generic_batch_only,queue_push_time_ns,5,3281012,3347943.0,3138497,3653435,514938,185127.4836527521,"[3138497,3212422,3281012,3653435,3454349]"
MillionPixel,generic_batch_only,plan_lookup_time_ns,5,0,0.0,0,0,0,0.0,"[0,0,0,0,0]"
MillionPixel,generic_batch_only,reserve_time_ns,5,0,0.0,0,0,0,0.0,"[0,0,0,0,0]"
MillionPixel,generic_batch_only,queue_single_push_calls,5,2525,2525.0,2525,2525,0,0.0,"[2525,2525,2525,2525,2525]"
MillionPixel,generic_batch_only,queue_legacy_bulk_push_calls,5,0,0.0,0,0,0,0.0,"[0,0,0,0,0]"
MillionPixel,generic_batch_only,queue_lock_acquisitions,5,10000,10000.0,10000,10000,0,0.0,"[10000,10000,10000,10000,10000]"
MillionPixel,generic_batch_only,queue_batch_push_calls,5,7475,7475.0,7475,7475,0,0.0,"[7475,7475,7475,7475,7475]"
MillionPixel,generic_batch_only,queue_batch_elements,5,7475,7475.0,7475,7475,0,0.0,"[7475,7475,7475,7475,7475]"
MillionPixel,generic_batch_only,maximum_batch_size,5,1,1.0,1,1,0,0.0,"[1,1,1,1,1]"
MillionPixel,generic_batch_only,queue_batch_fallbacks,5,0,0.0,0,0,0,0.0,"[0,0,0,0,0]"
MillionPixel,generic_batch_only,queue_notifications,5,0,0.0,0,0,0,0.0,"[0,0,0,0,0]"
MillionPixel,generic_batch_only,average_batch_size,5,1.0,1.0,1.0,1.0,0.0,0.0,"[1.0,1.0,1.0,1.0,1.0]"
MillionPixel,generic_batch_only,relay_buffer_capacity_growth_events,5,4,4.0,4,4,0,0.0,"[4,4,4,4,4]"
MillionPixel,generic_batch_only,relay_buffer_capacity_misses,5,0,0.0,0,0,0,0.0,"[0,0,0,0,0]"
MillionPixel,generic_batch_only,logical_relay_emissions,5,10000,10000.0,10000,10000,0,0.0,"[10000,10000,10000,10000,10000]"
MillionPixel,generic_batch_only,physical_relay_routes,5,10000,10000.0,10000,10000,0,0.0,"[10000,10000,10000,10000,10000]"
MillionPixel,generic_batch_only,relay_executions,5,10000,10000.0,10000,10000,0,0.0,"[10000,10000,10000,10000,10000]"
MillionPixel,generic_batch_only,broadcast_physical_clones,5,0,0.0,0,0,0,0.0,"[0,0,0,0,0]"
MillionPixel,verified_reserve_only,stopwatch_elapsed_ms,5,144,142.8,133,153,20,7.756287771866126,"[144,133,153,149,135]"
MillionPixel,verified_reserve_only,source_tps,5,69444,70235.6,65359,75187,9828,3831.498954717331,"[69444,75187,65359,67114,74074]"
MillionPixel,verified_reserve_only,utps,5,138888,140471.4,130718,150375,19657,7663.2563731092805,"[138888,150375,130718,134228,148148]"
MillionPixel,verified_reserve_only,wall_elapsed_seconds,5,3.142848585965112,3.1450481517938895,3.1137401520390995,3.1838730489835143,0.07013289694441482,0.025935955963973623,"[3.142848585965112,3.1137401520390995,3.1216912919771858,3.163087680004537,3.1838730489835143]"
MillionPixel,verified_reserve_only,max_rss_kib,5,37088,37054.4,36792,37200,408,143.412133377898,"[37160,37200,37088,36792,37032]"
MillionPixel,verified_reserve_only,plan_loads,5,1,1.0,1,1,0,0.0,"[1,1,1,1,1]"
MillionPixel,verified_reserve_only,plan_load_failures,5,0,0.0,0,0,0,0.0,"[0,0,0,0,0]"
MillionPixel,verified_reserve_only,plan_binding_failures,5,0,0.0,0,0,0,0.0,"[0,0,0,0,0]"
MillionPixel,verified_reserve_only,plan_cache_hits,5,19999,19999.0,19999,19999,0,0.0,"[19999,19999,19999,19999,19999]"
MillionPixel,verified_reserve_only,plan_cache_misses,5,1,1.0,1,1,0,0.0,"[1,1,1,1,1]"
MillionPixel,verified_reserve_only,plan_invalidations,5,0,0.0,0,0,0,0.0,"[0,0,0,0,0]"
MillionPixel,verified_reserve_only,plan_reloads,5,0,0.0,0,0,0,0.0,"[0,0,0,0,0]"
MillionPixel,verified_reserve_only,optimization_eligible_lookups,5,20000,20000.0,20000,20000,0,0.0,"[20000,20000,20000,20000,20000]"
MillionPixel,verified_reserve_only,optimization_fallback_lookups,5,0,0.0,0,0,0,0.0,"[0,0,0,0,0]"
MillionPixel,verified_reserve_only,optimization_eligible_invocations,5,20000,20000.0,20000,20000,0,0.0,"[20000,20000,20000,20000,20000]"
MillionPixel,verified_reserve_only,optimization_fallback_invocations,5,0,0.0,0,0,0,0.0,"[0,0,0,0,0]"
MillionPixel,verified_reserve_only,relay_buffer_reserve_calls,5,10000,10000.0,10000,10000,0,0.0,"[10000,10000,10000,10000,10000]"
MillionPixel,verified_reserve_only,relay_buffer_reserved_elements,5,10000,10000.0,10000,10000,0,0.0,"[10000,10000,10000,10000,10000]"
MillionPixel,verified_reserve_only,relay_buffer_reserve_skipped_unknown,5,0,0.0,0,0,0,0.0,"[0,0,0,0,0]"
MillionPixel,verified_reserve_only,relay_buffer_reserve_skipped_limit,5,0,0.0,0,0,0,0.0,"[0,0,0,0,0]"
MillionPixel,verified_reserve_only,relay_buffer_reserve_failures,5,0,0.0,0,0,0,0.0,"[0,0,0,0,0]"
MillionPixel,verified_reserve_only,broadcast_clone_reserve_calls,5,0,0.0,0,0,0,0.0,"[0,0,0,0,0]"
MillionPixel,verified_reserve_only,relay_generation_time_ns,5,11806643,11893188.8,11299876,12481224,1181348,477872.3348884721,"[11806643,11474182,12481224,12404019,11299876]"
MillionPixel,verified_reserve_only,routing_time_ns,5,16193163,16387899.8,14605360,18127227,3521867,1353235.6068832064,"[16193163,14605360,17708393,18127227,15305356]"
MillionPixel,verified_reserve_only,dispatch_time_ns,5,6062248,5922834.4,5525225,6289222,763997,296784.9048591252,"[6062248,5620964,6289222,6116513,5525225]"
MillionPixel,verified_reserve_only,queue_push_time_ns,5,2948481,2904695.6,2704619,3105510,400891,148606.01788568322,"[2948481,2704619,2998953,3105510,2765915]"
MillionPixel,verified_reserve_only,plan_lookup_time_ns,5,61053613,61059148.6,54257287,66368593,12111306,4044319.803794631,"[61053613,54257287,66368593,63569535,60046715]"
MillionPixel,verified_reserve_only,reserve_time_ns,5,1264343,1169985.2,797287,1515824,718537,275815.9303988078,"[900989,797287,1515824,1371483,1264343]"
MillionPixel,verified_reserve_only,queue_single_push_calls,5,2525,2525.0,2525,2525,0,0.0,"[2525,2525,2525,2525,2525]"
MillionPixel,verified_reserve_only,queue_legacy_bulk_push_calls,5,7475,7475.0,7475,7475,0,0.0,"[7475,7475,7475,7475,7475]"
MillionPixel,verified_reserve_only,queue_lock_acquisitions,5,10000,10000.0,10000,10000,0,0.0,"[10000,10000,10000,10000,10000]"
MillionPixel,verified_reserve_only,queue_batch_push_calls,5,0,0.0,0,0,0,0.0,"[0,0,0,0,0]"
MillionPixel,verified_reserve_only,queue_batch_elements,5,0,0.0,0,0,0,0.0,"[0,0,0,0,0]"
MillionPixel,verified_reserve_only,maximum_batch_size,5,0,0.0,0,0,0,0.0,"[0,0,0,0,0]"
MillionPixel,verified_reserve_only,queue_batch_fallbacks,5,0,0.0,0,0,0,0.0,"[0,0,0,0,0]"
MillionPixel,verified_reserve_only,queue_notifications,5,0,0.0,0,0,0,0.0,"[0,0,0,0,0]"
MillionPixel,verified_reserve_only,average_batch_size,5,0.0,0.0,0.0,0.0,0.0,0.0,"[0.0,0.0,0.0,0.0,0.0]"
MillionPixel,verified_reserve_only,relay_buffer_capacity_growth_events,5,0,0.0,0,0,0,0.0,"[0,0,0,0,0]"
MillionPixel,verified_reserve_only,relay_buffer_capacity_misses,5,0,0.0,0,0,0,0.0,"[0,0,0,0,0]"
MillionPixel,verified_reserve_only,logical_relay_emissions,5,10000,10000.0,10000,10000,0,0.0,"[10000,10000,10000,10000,10000]"
MillionPixel,verified_reserve_only,physical_relay_routes,5,10000,10000.0,10000,10000,0,0.0,"[10000,10000,10000,10000,10000]"
MillionPixel,verified_reserve_only,relay_executions,5,10000,10000.0,10000,10000,0,0.0,"[10000,10000,10000,10000,10000]"
MillionPixel,verified_reserve_only,broadcast_physical_clones,5,0,0.0,0,0,0,0.0,"[0,0,0,0,0]"
MillionPixel,verified_reserve_plus_batch,stopwatch_elapsed_ms,5,144,152.4,131,196,65,23.104977818643324,"[196,131,137,154,144]"
MillionPixel,verified_reserve_plus_batch,source_tps,5,69444,66945.2,51020,76335,25315,8816.2240760997,"[51020,76335,72992,64935,69444]"
MillionPixel,verified_reserve_plus_batch,utps,5,138888,133890.8,102040,152671,50631,17632.798341726706,"[102040,152671,145985,129870,138888]"
MillionPixel,verified_reserve_plus_batch,wall_elapsed_seconds,5,3.160589263017755,3.1341875682002867,2.9760421799728647,3.2457408669870347,0.26969868701417,0.0917168958528197,"[3.2457408669870347,2.9760421799728647,3.187323253019713,3.160589263017755,3.101242278004065]"
MillionPixel,verified_reserve_plus_batch,max_rss_kib,5,37168,37127.2,36956,37344,388,141.52088185140735,"[37344,36956,37168,36988,37180]"
MillionPixel,verified_reserve_plus_batch,plan_loads,5,1,1.0,1,1,0,0.0,"[1,1,1,1,1]"
MillionPixel,verified_reserve_plus_batch,plan_load_failures,5,0,0.0,0,0,0,0.0,"[0,0,0,0,0]"
MillionPixel,verified_reserve_plus_batch,plan_binding_failures,5,0,0.0,0,0,0,0.0,"[0,0,0,0,0]"
MillionPixel,verified_reserve_plus_batch,plan_cache_hits,5,19999,19999.0,19999,19999,0,0.0,"[19999,19999,19999,19999,19999]"
MillionPixel,verified_reserve_plus_batch,plan_cache_misses,5,1,1.0,1,1,0,0.0,"[1,1,1,1,1]"
MillionPixel,verified_reserve_plus_batch,plan_invalidations,5,0,0.0,0,0,0,0.0,"[0,0,0,0,0]"
MillionPixel,verified_reserve_plus_batch,plan_reloads,5,0,0.0,0,0,0,0.0,"[0,0,0,0,0]"
MillionPixel,verified_reserve_plus_batch,optimization_eligible_lookups,5,20000,20000.0,20000,20000,0,0.0,"[20000,20000,20000,20000,20000]"
MillionPixel,verified_reserve_plus_batch,optimization_fallback_lookups,5,0,0.0,0,0,0,0.0,"[0,0,0,0,0]"
MillionPixel,verified_reserve_plus_batch,optimization_eligible_invocations,5,20000,20000.0,20000,20000,0,0.0,"[20000,20000,20000,20000,20000]"
MillionPixel,verified_reserve_plus_batch,optimization_fallback_invocations,5,0,0.0,0,0,0,0.0,"[0,0,0,0,0]"
MillionPixel,verified_reserve_plus_batch,relay_buffer_reserve_calls,5,10000,10000.0,10000,10000,0,0.0,"[10000,10000,10000,10000,10000]"
MillionPixel,verified_reserve_plus_batch,relay_buffer_reserved_elements,5,10000,10000.0,10000,10000,0,0.0,"[10000,10000,10000,10000,10000]"
MillionPixel,verified_reserve_plus_batch,relay_buffer_reserve_skipped_unknown,5,0,0.0,0,0,0,0.0,"[0,0,0,0,0]"
MillionPixel,verified_reserve_plus_batch,relay_buffer_reserve_skipped_limit,5,0,0.0,0,0,0,0.0,"[0,0,0,0,0]"
MillionPixel,verified_reserve_plus_batch,relay_buffer_reserve_failures,5,0,0.0,0,0,0,0.0,"[0,0,0,0,0]"
MillionPixel,verified_reserve_plus_batch,broadcast_clone_reserve_calls,5,0,0.0,0,0,0,0.0,"[0,0,0,0,0]"
MillionPixel,verified_reserve_plus_batch,relay_generation_time_ns,5,11943157,12520590.0,11199222,15215343,4016121,1419716.7369226862,"[15215343,11199222,11664317,12580911,11943157]"
MillionPixel,verified_reserve_plus_batch,routing_time_ns,5,18179247,18303955.0,15603571,22854609,7251038,2587990.28345533,"[22854609,15603571,16029861,18852487,18179247]"
MillionPixel,verified_reserve_plus_batch,dispatch_time_ns,5,6322006,6603461.0,5929690,8061401,2131711,749839.254812123,"[8061401,5929690,6322006,6466473,6237735]"
MillionPixel,verified_reserve_plus_batch,queue_push_time_ns,5,3357262,3472110.0,3121431,4232189,1110758,398691.00152022496,"[4232189,3121431,3357262,3461776,3187892]"
MillionPixel,verified_reserve_plus_batch,plan_lookup_time_ns,5,58319816,61121662.0,50982442,73766538,22784096,7722074.395218218,"[73766538,50982442,58319816,64981986,57557528]"
MillionPixel,verified_reserve_plus_batch,reserve_time_ns,5,1087702,1146751.6,863166,1437412,574246,245017.73738045988,"[1087702,863166,917370,1428108,1437412]"
MillionPixel,verified_reserve_plus_batch,queue_single_push_calls,5,2525,2525.0,2525,2525,0,0.0,"[2525,2525,2525,2525,2525]"
MillionPixel,verified_reserve_plus_batch,queue_legacy_bulk_push_calls,5,0,0.0,0,0,0,0.0,"[0,0,0,0,0]"
MillionPixel,verified_reserve_plus_batch,queue_lock_acquisitions,5,10000,10000.0,10000,10000,0,0.0,"[10000,10000,10000,10000,10000]"
MillionPixel,verified_reserve_plus_batch,queue_batch_push_calls,5,7475,7475.0,7475,7475,0,0.0,"[7475,7475,7475,7475,7475]"
MillionPixel,verified_reserve_plus_batch,queue_batch_elements,5,7475,7475.0,7475,7475,0,0.0,"[7475,7475,7475,7475,7475]"
MillionPixel,verified_reserve_plus_batch,maximum_batch_size,5,1,1.0,1,1,0,0.0,"[1,1,1,1,1]"
MillionPixel,verified_reserve_plus_batch,queue_batch_fallbacks,5,0,0.0,0,0,0,0.0,"[0,0,0,0,0]"
MillionPixel,verified_reserve_plus_batch,queue_notifications,5,0,0.0,0,0,0,0.0,"[0,0,0,0,0]"
MillionPixel,verified_reserve_plus_batch,average_batch_size,5,1.0,1.0,1.0,1.0,0.0,0.0,"[1.0,1.0,1.0,1.0,1.0]"
MillionPixel,verified_reserve_plus_batch,relay_buffer_capacity_growth_events,5,0,0.0,0,0,0,0.0,"[0,0,0,0,0]"
MillionPixel,verified_reserve_plus_batch,relay_buffer_capacity_misses,5,0,0.0,0,0,0,0.0,"[0,0,0,0,0]"
MillionPixel,verified_reserve_plus_batch,logical_relay_emissions,5,10000,10000.0,10000,10000,0,0.0,"[10000,10000,10000,10000,10000]"
MillionPixel,verified_reserve_plus_batch,physical_relay_routes,5,10000,10000.0,10000,10000,0,0.0,"[10000,10000,10000,10000,10000]"
MillionPixel,verified_reserve_plus_batch,relay_executions,5,10000,10000.0,10000,10000,0,0.0,"[10000,10000,10000,10000,10000]"
MillionPixel,verified_reserve_plus_batch,broadcast_physical_clones,5,0,0.0,0,0,0,0.0,"[0,0,0,0,0]"
Token,baseline,stopwatch_elapsed_ms,5,616,549.8,368,715,347,142.73527945115742,"[659,368,715,616,391]"
Token,baseline,source_tps,5,16233,19628.2,13986,27173,13187,5576.560567231383,"[15174,27173,13986,16233,25575]"
Token,baseline,utps,5,32467,39257.0,27972,54347,26375,11153.11022092044,"[30349,54347,27972,32467,51150]"
Token,baseline,wall_elapsed_seconds,5,8.196176633995492,8.049623336596415,7.393689810996875,8.610889945004601,1.2172001340077259,0.4094894901766955,"[8.610889945004601,7.836176479991991,8.211183812993113,8.196176633995492,7.393689810996875]"
Token,baseline,max_rss_kib,5,36336,36422.4,36184,36820,636,220.32122004019496,"[36336,36820,36184,36480,36292]"
Token,baseline,plan_loads,5,0,0.0,0,0,0,0.0,"[0,0,0,0,0]"
Token,baseline,plan_load_failures,5,0,0.0,0,0,0,0.0,"[0,0,0,0,0]"
Token,baseline,plan_binding_failures,5,0,0.0,0,0,0,0.0,"[0,0,0,0,0]"
Token,baseline,plan_cache_hits,5,0,0.0,0,0,0,0.0,"[0,0,0,0,0]"
Token,baseline,plan_cache_misses,5,0,0.0,0,0,0,0.0,"[0,0,0,0,0]"
Token,baseline,plan_invalidations,5,0,0.0,0,0,0,0.0,"[0,0,0,0,0]"
Token,baseline,plan_reloads,5,0,0.0,0,0,0,0.0,"[0,0,0,0,0]"
Token,baseline,optimization_eligible_lookups,5,0,0.0,0,0,0,0.0,"[0,0,0,0,0]"
Token,baseline,optimization_fallback_lookups,5,0,0.0,0,0,0,0.0,"[0,0,0,0,0]"
Token,baseline,optimization_eligible_invocations,5,0,0.0,0,0,0,0.0,"[0,0,0,0,0]"
Token,baseline,optimization_fallback_invocations,5,0,0.0,0,0,0,0.0,"[0,0,0,0,0]"
Token,baseline,relay_buffer_reserve_calls,5,0,0.0,0,0,0,0.0,"[0,0,0,0,0]"
Token,baseline,relay_buffer_reserved_elements,5,0,0.0,0,0,0,0.0,"[0,0,0,0,0]"
Token,baseline,relay_buffer_reserve_skipped_unknown,5,0,0.0,0,0,0,0.0,"[0,0,0,0,0]"
Token,baseline,relay_buffer_reserve_skipped_limit,5,0,0.0,0,0,0,0.0,"[0,0,0,0,0]"
Token,baseline,relay_buffer_reserve_failures,5,0,0.0,0,0,0,0.0,"[0,0,0,0,0]"
Token,baseline,broadcast_clone_reserve_calls,5,0,0.0,0,0,0,0.0,"[0,0,0,0,0]"
Token,baseline,relay_generation_time_ns,5,26264709,25375273.2,18414333,32192132,13777799,5535609.165534048,"[32192132,18414333,26264709,30351508,19653684]"
Token,baseline,routing_time_ns,5,38922820,36974004.8,28363523,44380293,16016770,6551667.207774565,"[44380293,30216042,38922820,42987346,28363523]"
Token,baseline,dispatch_time_ns,5,9573724,10024006.2,8094063,12084223,3990160,1687034.8689782794,"[12084223,8094063,9573724,11917115,8450906]"
Token,baseline,queue_push_time_ns,5,5030821,5346536.0,4428946,6375651,1946705,843823.5805922942,"[6375651,4428946,5030821,6325734,4571528]"
Token,baseline,plan_lookup_time_ns,5,0,0.0,0,0,0,0.0,"[0,0,0,0,0]"
Token,baseline,reserve_time_ns,5,0,0.0,0,0,0,0.0,"[0,0,0,0,0]"
Token,baseline,queue_single_push_calls,5,2558,2558.0,2558,2558,0,0.0,"[2558,2558,2558,2558,2558]"
Token,baseline,queue_legacy_bulk_push_calls,5,7442,7442.0,7442,7442,0,0.0,"[7442,7442,7442,7442,7442]"
Token,baseline,queue_lock_acquisitions,5,10000,10000.0,10000,10000,0,0.0,"[10000,10000,10000,10000,10000]"
Token,baseline,queue_batch_push_calls,5,0,0.0,0,0,0,0.0,"[0,0,0,0,0]"
Token,baseline,queue_batch_elements,5,0,0.0,0,0,0,0.0,"[0,0,0,0,0]"
Token,baseline,maximum_batch_size,5,0,0.0,0,0,0,0.0,"[0,0,0,0,0]"
Token,baseline,queue_batch_fallbacks,5,0,0.0,0,0,0,0.0,"[0,0,0,0,0]"
Token,baseline,queue_notifications,5,0,0.0,0,0,0,0.0,"[0,0,0,0,0]"
Token,baseline,average_batch_size,5,0.0,0.0,0.0,0.0,0.0,0.0,"[0.0,0.0,0.0,0.0,0.0]"
Token,baseline,relay_buffer_capacity_growth_events,5,4,4.0,4,4,0,0.0,"[4,4,4,4,4]"
Token,baseline,relay_buffer_capacity_misses,5,0,0.0,0,0,0,0.0,"[0,0,0,0,0]"
Token,baseline,logical_relay_emissions,5,10000,10000.0,10000,10000,0,0.0,"[10000,10000,10000,10000,10000]"
Token,baseline,physical_relay_routes,5,10000,10000.0,10000,10000,0,0.0,"[10000,10000,10000,10000,10000]"
Token,baseline,relay_executions,5,10000,10000.0,10000,10000,0,0.0,"[10000,10000,10000,10000,10000]"
Token,baseline,broadcast_physical_clones,5,0,0.0,0,0,0,0.0,"[0,0,0,0,0]"
Token,generic_batch_only,stopwatch_elapsed_ms,5,408,386.6,227,524,297,95.9783308877582,"[412,408,362,524,227]"
Token,generic_batch_only,source_tps,5,24509,27907.8,19083,44052,24969,8524.916267037466,"[24271,24509,27624,19083,44052]"
Token,generic_batch_only,utps,5,49019,55816.4,38167,88105,49938,17049.83919689567,"[48543,49019,55248,38167,88105]"
Token,generic_batch_only,wall_elapsed_seconds,5,7.657838309998624,7.222148900385946,4.932348673988599,8.107716036960483,3.1753673629718833,1.1603833121273495,"[7.858356965996791,7.657838309998624,8.107716036960483,7.5544845149852335,4.932348673988599]"
Token,generic_batch_only,max_rss_kib,5,36504,36504.0,36276,36756,480,166.79568339738293,"[36600,36384,36756,36276,36504]"
Token,generic_batch_only,plan_loads,5,0,0.0,0,0,0,0.0,"[0,0,0,0,0]"
Token,generic_batch_only,plan_load_failures,5,0,0.0,0,0,0,0.0,"[0,0,0,0,0]"
Token,generic_batch_only,plan_binding_failures,5,0,0.0,0,0,0,0.0,"[0,0,0,0,0]"
Token,generic_batch_only,plan_cache_hits,5,0,0.0,0,0,0,0.0,"[0,0,0,0,0]"
Token,generic_batch_only,plan_cache_misses,5,0,0.0,0,0,0,0.0,"[0,0,0,0,0]"
Token,generic_batch_only,plan_invalidations,5,0,0.0,0,0,0,0.0,"[0,0,0,0,0]"
Token,generic_batch_only,plan_reloads,5,0,0.0,0,0,0,0.0,"[0,0,0,0,0]"
Token,generic_batch_only,optimization_eligible_lookups,5,0,0.0,0,0,0,0.0,"[0,0,0,0,0]"
Token,generic_batch_only,optimization_fallback_lookups,5,0,0.0,0,0,0,0.0,"[0,0,0,0,0]"
Token,generic_batch_only,optimization_eligible_invocations,5,0,0.0,0,0,0,0.0,"[0,0,0,0,0]"
Token,generic_batch_only,optimization_fallback_invocations,5,0,0.0,0,0,0,0.0,"[0,0,0,0,0]"
Token,generic_batch_only,relay_buffer_reserve_calls,5,0,0.0,0,0,0,0.0,"[0,0,0,0,0]"
Token,generic_batch_only,relay_buffer_reserved_elements,5,0,0.0,0,0,0,0.0,"[0,0,0,0,0]"
Token,generic_batch_only,relay_buffer_reserve_skipped_unknown,5,0,0.0,0,0,0,0.0,"[0,0,0,0,0]"
Token,generic_batch_only,relay_buffer_reserve_skipped_limit,5,0,0.0,0,0,0,0.0,"[0,0,0,0,0]"
Token,generic_batch_only,relay_buffer_reserve_failures,5,0,0.0,0,0,0,0.0,"[0,0,0,0,0]"
Token,generic_batch_only,broadcast_clone_reserve_calls,5,0,0.0,0,0,0,0.0,"[0,0,0,0,0]"
Token,generic_batch_only,relay_generation_time_ns,5,20073141,19286601.0,11372512,25961821,14589309,4726392.111116174,"[20887829,20073141,18137702,25961821,11372512]"
Token,generic_batch_only,routing_time_ns,5,29324267,28931540.6,17374527,37276180,19901653,6705318.538941117,"[33297669,29324267,27385060,37276180,17374527]"
Token,generic_batch_only,dispatch_time_ns,5,8825131,8442018.2,5095520,11218859,6123339,1999520.0227858084,"[9212170,8825131,7858411,11218859,5095520]"
Token,generic_batch_only,queue_push_time_ns,5,5193059,4913380.0,2999332,6475993,3476661,1147872.5022945711,"[5397545,5193059,4500971,6475993,2999332]"
Token,generic_batch_only,plan_lookup_time_ns,5,0,0.0,0,0,0,0.0,"[0,0,0,0,0]"
Token,generic_batch_only,reserve_time_ns,5,0,0.0,0,0,0,0.0,"[0,0,0,0,0]"
Token,generic_batch_only,queue_single_push_calls,5,2558,2558.0,2558,2558,0,0.0,"[2558,2558,2558,2558,2558]"
Token,generic_batch_only,queue_legacy_bulk_push_calls,5,0,0.0,0,0,0,0.0,"[0,0,0,0,0]"
Token,generic_batch_only,queue_lock_acquisitions,5,10000,10000.0,10000,10000,0,0.0,"[10000,10000,10000,10000,10000]"
Token,generic_batch_only,queue_batch_push_calls,5,7442,7442.0,7442,7442,0,0.0,"[7442,7442,7442,7442,7442]"
Token,generic_batch_only,queue_batch_elements,5,7442,7442.0,7442,7442,0,0.0,"[7442,7442,7442,7442,7442]"
Token,generic_batch_only,maximum_batch_size,5,1,1.0,1,1,0,0.0,"[1,1,1,1,1]"
Token,generic_batch_only,queue_batch_fallbacks,5,0,0.0,0,0,0,0.0,"[0,0,0,0,0]"
Token,generic_batch_only,queue_notifications,5,0,0.0,0,0,0,0.0,"[0,0,0,0,0]"
Token,generic_batch_only,average_batch_size,5,1.0,1.0,1.0,1.0,0.0,0.0,"[1.0,1.0,1.0,1.0,1.0]"
Token,generic_batch_only,relay_buffer_capacity_growth_events,5,4,4.0,4,4,0,0.0,"[4,4,4,4,4]"
Token,generic_batch_only,relay_buffer_capacity_misses,5,0,0.0,0,0,0,0.0,"[0,0,0,0,0]"
Token,generic_batch_only,logical_relay_emissions,5,10000,10000.0,10000,10000,0,0.0,"[10000,10000,10000,10000,10000]"
Token,generic_batch_only,physical_relay_routes,5,10000,10000.0,10000,10000,0,0.0,"[10000,10000,10000,10000,10000]"
Token,generic_batch_only,relay_executions,5,10000,10000.0,10000,10000,0,0.0,"[10000,10000,10000,10000,10000]"
Token,generic_batch_only,broadcast_physical_clones,5,0,0.0,0,0,0,0.0,"[0,0,0,0,0]"
Token,verified_reserve_only,stopwatch_elapsed_ms,5,428,436.6,242,615,373,120.10428801670655,"[481,428,417,615,242]"
Token,verified_reserve_only,source_tps,5,23364,25143.2,16260,41322,25062,8533.859019224537,"[20790,23364,23980,16260,41322]"
Token,verified_reserve_only,utps,5,46728,50286.6,32520,82644,50124,17067.690782293896,"[41580,46728,47961,32520,82644]"
Token,verified_reserve_only,wall_elapsed_seconds,5,7.825646139972378,7.141337710607331,4.667138054035604,7.955157259013504,3.2880192049779,1.2548522065349235,"[7.360423633013852,7.898323467001319,7.955157259013504,7.825646139972378,4.667138054035604]"
Token,verified_reserve_only,max_rss_kib,5,37004,36949.6,36856,37016,160,74.90153536477072,"[37004,37012,36856,37016,36860]"
Token,verified_reserve_only,plan_loads,5,1,1.0,1,1,0,0.0,"[1,1,1,1,1]"
Token,verified_reserve_only,plan_load_failures,5,0,0.0,0,0,0,0.0,"[0,0,0,0,0]"
Token,verified_reserve_only,plan_binding_failures,5,0,0.0,0,0,0,0.0,"[0,0,0,0,0]"
Token,verified_reserve_only,plan_cache_hits,5,19999,19999.0,19999,19999,0,0.0,"[19999,19999,19999,19999,19999]"
Token,verified_reserve_only,plan_cache_misses,5,1,1.0,1,1,0,0.0,"[1,1,1,1,1]"
Token,verified_reserve_only,plan_invalidations,5,0,0.0,0,0,0,0.0,"[0,0,0,0,0]"
Token,verified_reserve_only,plan_reloads,5,0,0.0,0,0,0,0.0,"[0,0,0,0,0]"
Token,verified_reserve_only,optimization_eligible_lookups,5,10000,10000.0,10000,10000,0,0.0,"[10000,10000,10000,10000,10000]"
Token,verified_reserve_only,optimization_fallback_lookups,5,10000,10000.0,10000,10000,0,0.0,"[10000,10000,10000,10000,10000]"
Token,verified_reserve_only,optimization_eligible_invocations,5,10000,10000.0,10000,10000,0,0.0,"[10000,10000,10000,10000,10000]"
Token,verified_reserve_only,optimization_fallback_invocations,5,10000,10000.0,10000,10000,0,0.0,"[10000,10000,10000,10000,10000]"
Token,verified_reserve_only,relay_buffer_reserve_calls,5,0,0.0,0,0,0,0.0,"[0,0,0,0,0]"
Token,verified_reserve_only,relay_buffer_reserved_elements,5,0,0.0,0,0,0,0.0,"[0,0,0,0,0]"
Token,verified_reserve_only,relay_buffer_reserve_skipped_unknown,5,10000,10000.0,10000,10000,0,0.0,"[10000,10000,10000,10000,10000]"
Token,verified_reserve_only,relay_buffer_reserve_skipped_limit,5,0,0.0,0,0,0,0.0,"[0,0,0,0,0]"
Token,verified_reserve_only,relay_buffer_reserve_failures,5,0,0.0,0,0,0,0.0,"[0,0,0,0,0]"
Token,verified_reserve_only,broadcast_clone_reserve_calls,5,0,0.0,0,0,0,0.0,"[0,0,0,0,0]"
Token,verified_reserve_only,relay_generation_time_ns,5,19236115,18774131.6,10823189,23952001,13128812,4434735.088216278,"[21576273,19236115,18283080,23952001,10823189]"
Token,verified_reserve_only,routing_time_ns,5,28862656,27960879.2,16340360,34244109,17903749,6370106.33071673,"[33155693,28862656,27201578,34244109,16340360]"
Token,verified_reserve_only,dispatch_time_ns,5,8194205,7767288.0,5089224,9453729,4364505,1488461.555456237,"[8649547,8194205,7449735,9453729,5089224]"
Token,verified_reserve_only,queue_push_time_ns,5,4374131,4293494.4,2811783,5103849,2292066,817389.3421129492,"[4980968,4374131,4196741,5103849,2811783]"
Token,verified_reserve_only,plan_lookup_time_ns,5,127153958,123433050.6,82765748,152358811,69593063,22926550.23980648,"[134210715,127153958,120676021,152358811,82765748]"
Token,verified_reserve_only,reserve_time_ns,5,0,0.0,0,0,0,0.0,"[0,0,0,0,0]"
Token,verified_reserve_only,queue_single_push_calls,5,2558,2558.0,2558,2558,0,0.0,"[2558,2558,2558,2558,2558]"
Token,verified_reserve_only,queue_legacy_bulk_push_calls,5,7442,7442.0,7442,7442,0,0.0,"[7442,7442,7442,7442,7442]"
Token,verified_reserve_only,queue_lock_acquisitions,5,10000,10000.0,10000,10000,0,0.0,"[10000,10000,10000,10000,10000]"
Token,verified_reserve_only,queue_batch_push_calls,5,0,0.0,0,0,0,0.0,"[0,0,0,0,0]"
Token,verified_reserve_only,queue_batch_elements,5,0,0.0,0,0,0,0.0,"[0,0,0,0,0]"
Token,verified_reserve_only,maximum_batch_size,5,0,0.0,0,0,0,0.0,"[0,0,0,0,0]"
Token,verified_reserve_only,queue_batch_fallbacks,5,0,0.0,0,0,0,0.0,"[0,0,0,0,0]"
Token,verified_reserve_only,queue_notifications,5,0,0.0,0,0,0,0.0,"[0,0,0,0,0]"
Token,verified_reserve_only,average_batch_size,5,0.0,0.0,0.0,0.0,0.0,0.0,"[0.0,0.0,0.0,0.0,0.0]"
Token,verified_reserve_only,relay_buffer_capacity_growth_events,5,4,4.0,4,4,0,0.0,"[4,4,4,4,4]"
Token,verified_reserve_only,relay_buffer_capacity_misses,5,0,0.0,0,0,0,0.0,"[0,0,0,0,0]"
Token,verified_reserve_only,logical_relay_emissions,5,10000,10000.0,10000,10000,0,0.0,"[10000,10000,10000,10000,10000]"
Token,verified_reserve_only,physical_relay_routes,5,10000,10000.0,10000,10000,0,0.0,"[10000,10000,10000,10000,10000]"
Token,verified_reserve_only,relay_executions,5,10000,10000.0,10000,10000,0,0.0,"[10000,10000,10000,10000,10000]"
Token,verified_reserve_only,broadcast_physical_clones,5,0,0.0,0,0,0,0.0,"[0,0,0,0,0]"
Token,verified_reserve_plus_batch,stopwatch_elapsed_ms,5,536,484.0,214,630,416,141.95914905352174,"[536,495,545,630,214]"
Token,verified_reserve_plus_batch,source_tps,5,18656,23961.4,15873,46728,30855,11467.614461604471,"[18656,20202,18348,15873,46728]"
Token,verified_reserve_plus_batch,utps,5,37313,47923.4,31746,93457,61711,22935.43555810528,"[37313,40404,36697,31746,93457]"
Token,verified_reserve_plus_batch,wall_elapsed_seconds,5,7.920289609988686,7.24611361999996,4.414431910030544,8.227763820963446,3.8133319109329022,1.4244942058642356,"[7.739096862031147,7.928985896985978,8.227763820963446,7.920289609988686,4.414431910030544]"
Token,verified_reserve_plus_batch,max_rss_kib,5,36832,36887.2,36808,37000,192,87.72320103598592,"[36808,36988,36832,37000,36808]"
Token,verified_reserve_plus_batch,plan_loads,5,1,1.0,1,1,0,0.0,"[1,1,1,1,1]"
Token,verified_reserve_plus_batch,plan_load_failures,5,0,0.0,0,0,0,0.0,"[0,0,0,0,0]"
Token,verified_reserve_plus_batch,plan_binding_failures,5,0,0.0,0,0,0,0.0,"[0,0,0,0,0]"
Token,verified_reserve_plus_batch,plan_cache_hits,5,19999,19999.0,19999,19999,0,0.0,"[19999,19999,19999,19999,19999]"
Token,verified_reserve_plus_batch,plan_cache_misses,5,1,1.0,1,1,0,0.0,"[1,1,1,1,1]"
Token,verified_reserve_plus_batch,plan_invalidations,5,0,0.0,0,0,0,0.0,"[0,0,0,0,0]"
Token,verified_reserve_plus_batch,plan_reloads,5,0,0.0,0,0,0,0.0,"[0,0,0,0,0]"
Token,verified_reserve_plus_batch,optimization_eligible_lookups,5,10000,10000.0,10000,10000,0,0.0,"[10000,10000,10000,10000,10000]"
Token,verified_reserve_plus_batch,optimization_fallback_lookups,5,10000,10000.0,10000,10000,0,0.0,"[10000,10000,10000,10000,10000]"
Token,verified_reserve_plus_batch,optimization_eligible_invocations,5,10000,10000.0,10000,10000,0,0.0,"[10000,10000,10000,10000,10000]"
Token,verified_reserve_plus_batch,optimization_fallback_invocations,5,10000,10000.0,10000,10000,0,0.0,"[10000,10000,10000,10000,10000]"
Token,verified_reserve_plus_batch,relay_buffer_reserve_calls,5,0,0.0,0,0,0,0.0,"[0,0,0,0,0]"
Token,verified_reserve_plus_batch,relay_buffer_reserved_elements,5,0,0.0,0,0,0,0.0,"[0,0,0,0,0]"
Token,verified_reserve_plus_batch,relay_buffer_reserve_skipped_unknown,5,10000,10000.0,10000,10000,0,0.0,"[10000,10000,10000,10000,10000]"
Token,verified_reserve_plus_batch,relay_buffer_reserve_skipped_limit,5,0,0.0,0,0,0,0.0,"[0,0,0,0,0]"
Token,verified_reserve_plus_batch,relay_buffer_reserve_failures,5,0,0.0,0,0,0,0.0,"[0,0,0,0,0]"
Token,verified_reserve_plus_batch,broadcast_clone_reserve_calls,5,0,0.0,0,0,0,0.0,"[0,0,0,0,0]"
Token,verified_reserve_plus_batch,relay_generation_time_ns,5,23602322,21190349.4,9893879,27646480,17752601,6088901.04662083,"[23602322,20491993,24317073,27646480,9893879]"
Token,verified_reserve_plus_batch,routing_time_ns,5,34398482,31022208.2,15653272,39306913,23653641,8216236.812521031,"[34398482,30191182,35561192,39306913,15653272]"
Token,verified_reserve_plus_batch,dispatch_time_ns,5,10454584,9557249.2,4831396,12384392,7552996,2561798.363228566,"[10454584,9289483,10826391,12384392,4831396]"
Token,verified_reserve_plus_batch,queue_push_time_ns,5,5944688,5542810.0,2768304,7266918,4498614,1524560.0205294641,"[5944688,5328930,6405210,7266918,2768304]"
Token,verified_reserve_plus_batch,plan_lookup_time_ns,5,160747952,149060413.4,62988422,185941829,122953407,44917822.33318155,"[160747952,185941829,152326619,183297245,62988422]"
Token,verified_reserve_plus_batch,reserve_time_ns,5,0,0.0,0,0,0,0.0,"[0,0,0,0,0]"
Token,verified_reserve_plus_batch,queue_single_push_calls,5,2558,2558.0,2558,2558,0,0.0,"[2558,2558,2558,2558,2558]"
Token,verified_reserve_plus_batch,queue_legacy_bulk_push_calls,5,0,0.0,0,0,0,0.0,"[0,0,0,0,0]"
Token,verified_reserve_plus_batch,queue_lock_acquisitions,5,10000,10000.0,10000,10000,0,0.0,"[10000,10000,10000,10000,10000]"
Token,verified_reserve_plus_batch,queue_batch_push_calls,5,7442,7442.0,7442,7442,0,0.0,"[7442,7442,7442,7442,7442]"
Token,verified_reserve_plus_batch,queue_batch_elements,5,7442,7442.0,7442,7442,0,0.0,"[7442,7442,7442,7442,7442]"
Token,verified_reserve_plus_batch,maximum_batch_size,5,1,1.0,1,1,0,0.0,"[1,1,1,1,1]"
Token,verified_reserve_plus_batch,queue_batch_fallbacks,5,0,0.0,0,0,0,0.0,"[0,0,0,0,0]"
Token,verified_reserve_plus_batch,queue_notifications,5,0,0.0,0,0,0,0.0,"[0,0,0,0,0]"
Token,verified_reserve_plus_batch,average_batch_size,5,1.0,1.0,1.0,1.0,0.0,0.0,"[1.0,1.0,1.0,1.0,1.0]"
Token,verified_reserve_plus_batch,relay_buffer_capacity_growth_events,5,4,4.0,4,4,0,0.0,"[4,4,4,4,4]"
Token,verified_reserve_plus_batch,relay_buffer_capacity_misses,5,0,0.0,0,0,0,0.0,"[0,0,0,0,0]"
Token,verified_reserve_plus_batch,logical_relay_emissions,5,10000,10000.0,10000,10000,0,0.0,"[10000,10000,10000,10000,10000]"
Token,verified_reserve_plus_batch,physical_relay_routes,5,10000,10000.0,10000,10000,0,0.0,"[10000,10000,10000,10000,10000]"
Token,verified_reserve_plus_batch,relay_executions,5,10000,10000.0,10000,10000,0,0.0,"[10000,10000,10000,10000,10000]"
Token,verified_reserve_plus_batch,broadcast_physical_clones,5,0,0.0,0,0,0,0.0,"[0,0,0,0,0]"
