workload,variant,repetition,schedule_index,seed,order,metrics_scope,measurement_window_status,configured_measured_source_transactions,stopwatch_elapsed_ms,source_tps,utps,wall_elapsed_seconds,max_rss_kib,plan_loads,plan_load_failures,plan_binding_failures,plan_cache_hits,plan_cache_misses,plan_invalidations,plan_reloads,optimization_eligible_lookups,optimization_fallback_lookups,optimization_eligible_invocations,optimization_fallback_invocations,relay_buffer_reserve_calls,relay_buffer_reserved_elements,relay_buffer_reserve_skipped_unknown,relay_buffer_reserve_skipped_limit,relay_buffer_reserve_failures,broadcast_clone_reserve_calls,relay_generation_time_ns,routing_time_ns,dispatch_time_ns,queue_push_time_ns,plan_lookup_time_ns,reserve_time_ns,queue_single_push_calls,queue_legacy_bulk_push_calls,queue_lock_acquisitions,queue_batch_push_calls,queue_batch_elements,maximum_batch_size,queue_batch_fallbacks,queue_notifications,average_batch_size,relay_buffer_capacity_growth_events,relay_buffer_capacity_misses,logical_relay_emissions,physical_relay_routes,relay_executions,broadcast_physical_clones,run_succeeded
Token,verified_reserve_only,0,0,88,2,measurement_window,completed,10000,481,20790,41580,7.360423633013852,37004,1,0,0,19999,1,0,0,10000,10000,10000,10000,0,0,10000,0,0,0,21576273,33155693,8649547,4980968,134210715,0,2558,7442,10000,0,0,0,0,0,0.0,4,0,10000,10000,10000,0,True
Token,baseline,0,1,88,2,measurement_window,completed,10000,659,15174,30349,8.610889945004601,36336,0,0,0,0,0,0,0,0,0,0,0,0,0,0,0,0,0,32192132,44380293,12084223,6375651,0,0,2558,7442,10000,0,0,0,0,0,0.0,4,0,10000,10000,10000,0,True
Token,verified_reserve_plus_batch,0,2,88,2,measurement_window,completed,10000,536,18656,37313,7.739096862031147,36808,1,0,0,19999,1,0,0,10000,10000,10000,10000,0,0,10000,0,0,0,23602322,34398482,10454584,5944688,160747952,0,2558,0,10000,7442,7442,1,0,0,1.0,4,0,10000,10000,10000,0,True
Token,generic_batch_only,0,3,88,2,measurement_window,completed,10000,412,24271,48543,7.858356965996791,36600,0,0,0,0,0,0,0,0,0,0,0,0,0,0,0,0,0,20887829,33297669,9212170,5397545,0,0,2558,0,10000,7442,7442,1,0,0,1.0,4,0,10000,10000,10000,0,True
Token,verified_reserve_plus_batch,1,4,88,2,measurement_window,completed,10000,495,20202,40404,7.928985896985978,36988,1,0,0,19999,1,0,0,10000,10000,10000,10000,0,0,10000,0,0,0,20491993,30191182,9289483,5328930,185941829,0,2558,0,10000,7442,7442,1,0,0,1.0,4,0,10000,10000,10000,0,True
Token,generic_batch_only,1,5,88,2,measurement_window,completed,10000,408,24509,49019,7.657838309998624,36384,0,0,0,0,0,0,0,0,0,0,0,0,0,0,0,0,0,20073141,29324267,8825131,5193059,0,0,2558,0,10000,7442,7442,1,0,0,1.0,4,0,10000,10000,10000,0,True
Token,verified_reserve_only,1,6,88,2,measurement_window,completed,10000,428,23364,46728,7.898323467001319,37012,1,0,0,19999,1,0,0,10000,10000,10000,10000,0,0,10000,0,0,0,19236115,28862656,8194205,4374131,127153958,0,2558,7442,10000,0,0,0,0,0,0.0,4,0,10000,10000,10000,0,True
Token,baseline,1,7,88,2,measurement_window,completed,10000,368,27173,54347,7.836176479991991,36820,0,0,0,0,0,0,0,0,0,0,0,0,0,0,0,0,0,18414333,30216042,8094063,4428946,0,0,2558,7442,10000,0,0,0,0,0,0.0,4,0,10000,10000,10000,0,True
Token,verified_reserve_only,2,8,88,2,measurement_window,completed,10000,417,23980,47961,7.955157259013504,36856,1,0,0,19999,1,0,0,10000,10000,10000,10000,0,0,10000,0,0,0,18283080,27201578,7449735,4196741,120676021,0,2558,7442,10000,0,0,0,0,0,0.0,4,0,10000,10000,10000,0,True
Token,generic_batch_only,2,9,88,2,measurement_window,completed,10000,362,27624,55248,8.107716036960483,36756,0,0,0,0,0,0,0,0,0,0,0,0,0,0,0,0,0,18137702,27385060,7858411,4500971,0,0,2558,0,10000,7442,7442,1,0,0,1.0,4,0,10000,10000,10000,0,True
Token,verified_reserve_plus_batch,2,10,88,2,measurement_window,completed,10000,545,18348,36697,8.227763820963446,36832,1,0,0,19999,1,0,0,10000,10000,10000,10000,0,0,10000,0,0,0,24317073,35561192,10826391,6405210,152326619,0,2558,0,10000,7442,7442,1,0,0,1.0,4,0,10000,10000,10000,0,True
Token,baseline,2,11,88,2,measurement_window,completed,10000,715,13986,27972,8.211183812993113,36184,0,0,0,0,0,0,0,0,0,0,0,0,0,0,0,0,0,26264709,38922820,9573724,5030821,0,0,2558,7442,10000,0,0,0,0,0,0.0,4,0,10000,10000,10000,0,True
Token,verified_reserve_only,3,12,88,2,measurement_window,completed,10000,615,16260,32520,7.825646139972378,37016,1,0,0,19999,1,0,0,10000,10000,10000,10000,0,0,10000,0,0,0,23952001,34244109,9453729,5103849,152358811,0,2558,7442,10000,0,0,0,0,0,0.0,4,0,10000,10000,10000,0,True
Token,baseline,3,13,88,2,measurement_window,completed,10000,616,16233,32467,8.196176633995492,36480,0,0,0,0,0,0,0,0,0,0,0,0,0,0,0,0,0,30351508,42987346,11917115,6325734,0,0,2558,7442,10000,0,0,0,0,0,0.0,4,0,10000,10000,10000,0,True
Token,generic_batch_only,3,14,88,2,measurement_window,completed,10000,524,19083,38167,7.5544845149852335,36276,0,0,0,0,0,0,0,0,0,0,0,0,0,0,0,0,0,25961821,37276180,11218859,6475993,0,0,2558,0,10000,7442,7442,1,0,0,1.0,4,0,10000,10000,10000,0,True
Token,verified_reserve_plus_batch,3,15,88,2,measurement_window,completed,10000,630,15873,31746,7.920289609988686,37000,1,0,0,19999,1,0,0,10000,10000,10000,10000,0,0,10000,0,0,0,27646480,39306913,12384392,7266918,183297245,0,2558,0,10000,7442,7442,1,0,0,1.0,4,0,10000,10000,10000,0,True
Token,baseline,4,16,88,2,measurement_window,completed,10000,391,25575,51150,7.393689810996875,36292,0,0,0,0,0,0,0,0,0,0,0,0,0,0,0,0,0,19653684,28363523,8450906,4571528,0,0,2558,7442,10000,0,0,0,0,0,0.0,4,0,10000,10000,10000,0,True
Token,verified_reserve_only,4,17,88,2,measurement_window,completed,10000,242,41322,82644,4.667138054035604,36860,1,0,0,19999,1,0,0,10000,10000,10000,10000,0,0,10000,0,0,0,10823189,16340360,5089224,2811783,82765748,0,2558,7442,10000,0,0,0,0,0,0.0,4,0,10000,10000,10000,0,True
Token,verified_reserve_plus_batch,4,18,88,2,measurement_window,completed,10000,214,46728,93457,4.414431910030544,36808,1,0,0,19999,1,0,0,10000,10000,10000,10000,0,0,10000,0,0,0,9893879,15653272,4831396,2768304,62988422,0,2558,0,10000,7442,7442,1,0,0,1.0,4,0,10000,10000,10000,0,True
Token,generic_batch_only,4,19,88,2,measurement_window,completed,10000,227,44052,88105,4.932348673988599,36504,0,0,0,0,0,0,0,0,0,0,0,0,0,0,0,0,0,11372512,17374527,5095520,2999332,0,0,2558,0,10000,7442,7442,1,0,0,1.0,4,0,10000,10000,10000,0,True
Ballot,verified_reserve_only,0,20,88,2,measurement_window,completed,10001,187,53481,53529,5.788533393002581,37188,0,0,0,10010,0,0,0,10010,0,10010,0,6,6,0,0,0,1,33442,15815,760178,2759,21062580,8427,0,9,9,0,0,0,0,0,0.0,0,0,6,9,9,3,True
Ballot,verified_reserve_plus_batch,0,21,88,2,measurement_window,completed,10001,174,57477,57528,5.619623529026285,37208,0,0,0,10010,0,0,0,10010,0,10010,0,6,6,0,0,0,1,35377,10660,728833,7838,22020420,7036,0,0,9,9,9,1,0,0,1.0,0,0,6,9,9,3,True
Ballot,baseline,0,22,88,2,measurement_window,completed,10001,190,52636,52684,5.705798784038052,35032,0,0,0,0,0,0,0,0,0,0,0,0,0,0,0,0,0,44189,19181,836934,5876,0,0,0,9,9,0,0,0,0,0,0.0,4,0,6,9,9,3,True
Ballot,generic_batch_only,0,23,88,2,measurement_window,completed,10001,203,49266,49310,5.7690974330180325,34800,0,0,0,0,0,0,0,0,0,0,0,0,0,0,0,0,0,62081,20377,832841,9863,0,0,0,0,9,9,9,1,0,0,1.0,4,0,6,9,9,3,True
Ballot,generic_batch_only,1,24,88,2,measurement_window,completed,10001,208,48081,48125,5.76823141501518,35060,0,0,0,0,0,0,0,0,0,0,0,0,0,0,0,0,0,57326,17296,851289,8496,0,0,0,0,9,9,9,1,0,0,1.0,4,0,6,9,9,3,True
Ballot,verified_reserve_plus_batch,1,25,88,2,measurement_window,completed,10001,230,43482,43521,5.770856207003817,37160,0,0,0,10010,0,0,0,10010,0,10010,0,6,6,0,0,0,1,49777,12676,941470,7020,23405154,9890,0,0,9,9,9,1,0,0,1.0,0,0,6,9,9,3,True
Ballot,baseline,1,26,88,2,measurement_window,completed,10001,222,45049,45090,5.81132754299324,35112,0,0,0,0,0,0,0,0,0,0,0,0,0,0,0,0,0,40578,13921,942189,3584,0,0,0,9,9,0,0,0,0,0,0.0,4,0,6,9,9,3,True
Ballot,verified_reserve_only,1,27,88,2,measurement_window,completed,10001,233,42922,42961,5.805982619989663,37268,0,0,0,10010,0,0,0,10010,0,10010,0,6,6,0,0,0,1,37554,11527,856938,3118,30853539,8148,0,9,9,0,0,0,0,0,0.0,0,0,6,9,9,3,True
Ballot,verified_reserve_plus_batch,2,28,88,2,measurement_window,completed,10001,213,46953,46995,5.922504578018561,37348,0,0,0,10010,0,0,0,10010,0,10010,0,6,6,0,0,0,1,34710,10691,857793,6397,23944997,7335,0,0,9,9,9,1,0,0,1.0,0,0,6,9,9,3,True
Ballot,verified_reserve_only,2,29,88,2,measurement_window,completed,10001,166,60246,60301,5.534460463968571,37200,0,0,0,10010,0,0,0,10010,0,10010,0,6,6,0,0,0,1,37327,12855,677586,3507,19714402,10469,0,9,9,0,0,0,0,0,0.0,0,0,6,9,9,3,True
Ballot,generic_batch_only,2,30,88,2,measurement_window,completed,10001,179,55871,55921,5.640246846014634,35092,0,0,0,0,0,0,0,0,0,0,0,0,0,0,0,0,0,33826,16376,721526,7195,0,0,0,0,9,9,9,1,0,0,1.0,4,0,6,9,9,3,True
Ballot,baseline,2,31,88,2,measurement_window,completed,10001,184,54353,54402,5.686538262001704,34692,0,0,0,0,0,0,0,0,0,0,0,0,0,0,0,0,0,43728,17552,817911,3395,0,0,0,9,9,0,0,0,0,0,0.0,4,0,6,9,9,3,True
Ballot,verified_reserve_only,3,32,88,2,measurement_window,completed,10001,180,55561,55611,5.688692805008031,37484,0,0,0,10010,0,0,0,10010,0,10010,0,6,6,0,0,0,1,39753,11375,691721,2737,16395791,5894,0,9,9,0,0,0,0,0,0.0,0,0,6,9,9,3,True
Ballot,generic_batch_only,3,33,88,2,measurement_window,completed,10001,186,53768,53817,5.664226111024618,34832,0,0,0,0,0,0,0,0,0,0,0,0,0,0,0,0,0,53023,18652,748092,8372,0,0,0,0,9,9,9,1,0,0,1.0,4,0,6,9,9,3,True
Ballot,baseline,3,34,88,2,measurement_window,completed,10001,185,54059,54108,6.021884724963456,34892,0,0,0,0,0,0,0,0,0,0,0,0,0,0,0,0,0,44984,15540,948492,3122,0,0,0,9,9,0,0,0,0,0,0.0,4,0,6,9,9,3,True
Ballot,verified_reserve_plus_batch,3,35,88,2,measurement_window,completed,10001,183,54650,54699,5.6997844080324285,37344,0,0,0,10010,0,0,0,10010,0,10010,0,6,6,0,0,0,1,36064,11228,770191,6877,19925995,7015,0,0,9,9,9,1,0,0,1.0,0,0,6,9,9,3,True
Ballot,baseline,4,36,88,2,measurement_window,completed,10001,175,57148,57200,5.748245626047719,34820,0,0,0,0,0,0,0,0,0,0,0,0,0,0,0,0,0,38805,17633,764820,3318,0,0,0,9,9,0,0,0,0,0,0.0,4,0,6,9,9,3,True
Ballot,generic_batch_only,4,37,88,2,measurement_window,completed,10001,177,56502,56553,5.7123599700280465,35032,0,0,0,0,0,0,0,0,0,0,0,0,0,0,0,0,0,38571,18339,724411,6738,0,0,0,0,9,9,9,1,0,0,1.0,4,0,6,9,9,3,True
Ballot,verified_reserve_only,4,38,88,2,measurement_window,completed,10001,194,51551,51597,5.647820540994871,37588,0,0,0,10010,0,0,0,10010,0,10010,0,6,6,0,0,0,1,58678,12781,813408,3587,21312339,7915,0,9,9,0,0,0,0,0,0.0,0,0,6,9,9,3,True
Ballot,verified_reserve_plus_batch,4,39,88,2,measurement_window,completed,10001,208,48081,48125,5.896975817042403,36960,0,0,0,10010,0,0,0,10010,0,10010,0,6,6,0,0,0,1,33451,10838,830402,6422,20185685,7283,0,0,9,9,9,1,0,0,1.0,0,0,6,9,9,3,True
MillionPixel,verified_reserve_only,0,40,88,2,measurement_window,completed,10000,144,69444,138888,3.142848585965112,37160,1,0,0,19999,1,0,0,20000,0,20000,0,10000,10000,0,0,0,0,11806643,16193163,6062248,2948481,61053613,900989,2525,7475,10000,0,0,0,0,0,0.0,0,0,10000,10000,10000,0,True
MillionPixel,generic_batch_only,0,41,88,2,measurement_window,completed,10000,118,84745,169491,3.0566000399994664,36560,0,0,0,0,0,0,0,0,0,0,0,0,0,0,0,0,0,11587300,15935991,5822020,3138497,0,0,2525,0,10000,7475,7475,1,0,0,1.0,4,0,10000,10000,10000,0,True
MillionPixel,baseline,0,42,88,2,measurement_window,completed,10000,126,79365,158730,3.138695481000468,36640,0,0,0,0,0,0,0,0,0,0,0,0,0,0,0,0,0,12385818,17488071,6072636,3257234,0,0,2525,7475,10000,0,0,0,0,0,0.0,4,0,10000,10000,10000,0,True
MillionPixel,verified_reserve_plus_batch,0,43,88,2,measurement_window,completed,10000,196,51020,102040,3.2457408669870347,37344,1,0,0,19999,1,0,0,20000,0,20000,0,10000,10000,0,0,0,0,15215343,22854609,8061401,4232189,73766538,1087702,2525,0,10000,7475,7475,1,0,0,1.0,0,0,10000,10000,10000,0,True
MillionPixel,generic_batch_only,1,44,88,2,measurement_window,completed,10000,132,75757,151515,3.2339433730230667,36440,0,0,0,0,0,0,0,0,0,0,0,0,0,0,0,0,0,12390926,18045478,5992716,3212422,0,0,2525,0,10000,7475,7475,1,0,0,1.0,4,0,10000,10000,10000,0,True
MillionPixel,verified_reserve_plus_batch,1,45,88,2,measurement_window,completed,10000,131,76335,152671,2.9760421799728647,36956,1,0,0,19999,1,0,0,20000,0,20000,0,10000,10000,0,0,0,0,11199222,15603571,5929690,3121431,50982442,863166,2525,0,10000,7475,7475,1,0,0,1.0,0,0,10000,10000,10000,0,True
MillionPixel,verified_reserve_only,1,46,88,2,measurement_window,completed,10000,133,75187,150375,3.1137401520390995,37200,1,0,0,19999,1,0,0,20000,0,20000,0,10000,10000,0,0,0,0,11474182,14605360,5620964,2704619,54257287,797287,2525,7475,10000,0,0,0,0,0,0.0,0,0,10000,10000,10000,0,True
MillionPixel,baseline,1,47,88,2,measurement_window,completed,10000,128,78125,156250,3.199728909006808,36720,0,0,0,0,0,0,0,0,0,0,0,0,0,0,0,0,0,12430054,17020670,6183550,3260696,0,0,2525,7475,10000,0,0,0,0,0,0.0,4,0,10000,10000,10000,0,True
MillionPixel,verified_reserve_only,2,48,88,2,measurement_window,completed,10000,153,65359,130718,3.1216912919771858,37088,1,0,0,19999,1,0,0,20000,0,20000,0,10000,10000,0,0,0,0,12481224,17708393,6289222,2998953,66368593,1515824,2525,7475,10000,0,0,0,0,0,0.0,0,0,10000,10000,10000,0,True
MillionPixel,baseline,2,49,88,2,measurement_window,completed,10000,144,69444,138888,3.139976344013121,36604,0,0,0,0,0,0,0,0,0,0,0,0,0,0,0,0,0,14220840,19439244,6808149,3632402,0,0,2525,7475,10000,0,0,0,0,0,0.0,4,0,10000,10000,10000,0,True
MillionPixel,verified_reserve_plus_batch,2,50,88,2,measurement_window,completed,10000,137,72992,145985,3.187323253019713,37168,1,0,0,19999,1,0,0,20000,0,20000,0,10000,10000,0,0,0,0,11664317,16029861,6322006,3357262,58319816,917370,2525,0,10000,7475,7475,1,0,0,1.0,0,0,10000,10000,10000,0,True
MillionPixel,generic_batch_only,2,51,88,2,measurement_window,completed,10000,122,81967,163934,3.1643398490268737,36584,0,0,0,0,0,0,0,0,0,0,0,0,0,0,0,0,0,11850046,16587490,6157796,3281012,0,0,2525,0,10000,7475,7475,1,0,0,1.0,4,0,10000,10000,10000,0,True
MillionPixel,baseline,3,52,88,2,measurement_window,completed,10000,153,65359,130718,3.1376862510223873,36900,0,0,0,0,0,0,0,0,0,0,0,0,0,0,0,0,0,14501227,20024315,6660723,3508251,0,0,2525,7475,10000,0,0,0,0,0,0.0,4,0,10000,10000,10000,0,True
MillionPixel,verified_reserve_plus_batch,3,53,88,2,measurement_window,completed,10000,154,64935,129870,3.160589263017755,36988,1,0,0,19999,1,0,0,20000,0,20000,0,10000,10000,0,0,0,0,12580911,18852487,6466473,3461776,64981986,1428108,2525,0,10000,7475,7475,1,0,0,1.0,0,0,10000,10000,10000,0,True
MillionPixel,generic_batch_only,3,54,88,2,measurement_window,completed,10000,141,70921,141843,3.3070649610017426,36652,0,0,0,0,0,0,0,0,0,0,0,0,0,0,0,0,0,13521412,19566631,6949090,3653435,0,0,2525,0,10000,7475,7475,1,0,0,1.0,4,0,10000,10000,10000,0,True
MillionPixel,verified_reserve_only,3,55,88,2,measurement_window,completed,10000,149,67114,134228,3.163087680004537,36792,1,0,0,19999,1,0,0,20000,0,20000,0,10000,10000,0,0,0,0,12404019,18127227,6116513,3105510,63569535,1371483,2525,7475,10000,0,0,0,0,0,0.0,0,0,10000,10000,10000,0,True
MillionPixel,verified_reserve_only,4,56,88,2,measurement_window,completed,10000,135,74074,148148,3.1838730489835143,37032,1,0,0,19999,1,0,0,20000,0,20000,0,10000,10000,0,0,0,0,11299876,15305356,5525225,2765915,60046715,1264343,2525,7475,10000,0,0,0,0,0,0.0,0,0,10000,10000,10000,0,True
MillionPixel,generic_batch_only,4,57,88,2,measurement_window,completed,10000,118,84745,169491,3.1637200309778564,36560,0,0,0,0,0,0,0,0,0,0,0,0,0,0,0,0,0,11863280,16472068,6331770,3454349,0,0,2525,0,10000,7475,7475,1,0,0,1.0,4,0,10000,10000,10000,0,True
MillionPixel,verified_reserve_plus_batch,4,58,88,2,measurement_window,completed,10000,144,69444,138888,3.101242278004065,37180,1,0,0,19999,1,0,0,20000,0,20000,0,10000,10000,0,0,0,0,11943157,18179247,6237735,3187892,57557528,1437412,2525,0,10000,7475,7475,1,0,0,1.0,0,0,10000,10000,10000,0,True
MillionPixel,baseline,4,59,88,2,measurement_window,completed,10000,133,75187,150375,3.222626081958879,36684,0,0,0,0,0,0,0,0,0,0,0,0,0,0,0,0,0,12447867,19169148,6078848,3158878,0,0,2525,7475,10000,0,0,0,0,0,0.0,4,0,10000,10000,10000,0,True
Kitty,verified_reserve_only,0,60,88,2,measurement_window,completed,500,3077,162,649,9.237543777038809,31556,0,0,0,2000,0,0,0,2000,0,2000,0,1500,1500,0,0,0,0,5127900,4629260,1301058,553192,17809990,242000,370,1130,1500,0,0,0,0,0,0.0,0,0,1500,1500,1500,0,True
Kitty,verified_reserve_plus_batch,0,61,88,2,measurement_window,completed,500,2928,170,683,9.155075030983426,31392,0,0,0,2000,0,0,0,2000,0,2000,0,1500,1500,0,0,0,0,4703091,4529735,1566904,893100,17284959,236746,368,0,1500,1132,1132,1,0,0,1.0,0,0,1500,1500,1500,0,True
Kitty,generic_batch_only,0,62,88,2,measurement_window,completed,500,3043,164,657,9.1513425129815,30388,0,0,0,0,0,0,0,0,0,0,0,0,0,0,0,0,0,4842388,4759506,1682210,911781,0,0,364,0,1500,1136,1136,1,0,0,1.0,4,0,1500,1500,1500,0,True
Kitty,baseline,0,63,88,2,measurement_window,completed,500,2989,167,669,9.057883596979082,30136,0,0,0,0,0,0,0,0,0,0,0,0,0,0,0,0,0,5024246,4538660,1230202,532024,0,0,365,1135,1500,0,0,0,0,0,0.0,4,0,1500,1500,1500,0,True
Kitty,baseline,1,64,88,2,measurement_window,completed,500,2921,171,684,8.959407242015004,30644,0,0,0,0,0,0,0,0,0,0,0,0,0,0,0,0,0,4767198,4556539,1228024,538151,0,0,365,1135,1500,0,0,0,0,0,0.0,4,0,1500,1500,1500,0,True
Kitty,verified_reserve_only,1,65,88,2,measurement_window,completed,500,2966,168,674,9.018336825014558,31228,0,0,0,2000,0,0,0,2000,0,2000,0,1500,1500,0,0,0,0,4536838,4396325,1195193,513219,19253684,242054,372,1128,1500,0,0,0,0,0,0.0,0,0,1500,1500,1500,0,True
Kitty,generic_batch_only,1,66,88,2,measurement_window,completed,500,3010,166,664,9.09798686800059,30136,0,0,0,0,0,0,0,0,0,0,0,0,0,0,0,0,0,5094057,4757839,1710307,961418,0,0,367,0,1500,1133,1133,1,0,0,1.0,4,0,1500,1500,1500,0,True
Kitty,verified_reserve_plus_batch,1,67,88,2,measurement_window,completed,500,2976,168,672,9.232116352999583,31568,0,0,0,2000,0,0,0,2000,0,2000,0,1500,1500,0,0,0,0,4652316,4362406,1672833,966578,16310578,231634,371,0,1500,1129,1129,1,0,0,1.0,0,0,1500,1500,1500,0,True
Kitty,verified_reserve_plus_batch,2,68,88,2,measurement_window,completed,500,3262,153,613,9.273375823977403,30916,0,0,0,2000,0,0,0,2000,0,2000,0,1500,1500,0,0,0,0,5315342,4972302,1838710,1035937,19927365,264774,366,0,1500,1134,1134,1,0,0,1.0,0,0,1500,1500,1500,0,True
Kitty,verified_reserve_only,2,69,88,2,measurement_window,completed,500,3068,162,651,9.021333149983548,31676,0,0,0,2000,0,0,0,2000,0,2000,0,1500,1500,0,0,0,0,4736184,4533688,1240998,546817,17827237,233891,368,1132,1500,0,0,0,0,0,0.0,0,0,1500,1500,1500,0,True
Kitty,generic_batch_only,2,70,88,2,measurement_window,completed,500,2898,172,690,8.941427346027922,30020,0,0,0,0,0,0,0,0,0,0,0,0,0,0,0,0,0,4839840,4660639,1573506,884017,0,0,367,0,1500,1133,1133,1,0,0,1.0,4,0,1500,1500,1500,0,True
Kitty,baseline,2,71,88,2,measurement_window,completed,500,2999,166,666,9.08003071998246,30392,0,0,0,0,0,0,0,0,0,0,0,0,0,0,0,0,0,4620822,4621138,1244713,534239,0,0,370,1130,1500,0,0,0,0,0,0.0,4,0,1500,1500,1500,0,True
Kitty,baseline,3,72,88,2,measurement_window,completed,500,2900,172,689,8.831347599974833,30256,0,0,0,0,0,0,0,0,0,0,0,0,0,0,0,0,0,4737671,4416881,1135252,523573,0,0,381,1119,1500,0,0,0,0,0,0.0,4,0,1500,1500,1500,0,True
Kitty,verified_reserve_only,3,73,88,2,measurement_window,completed,500,2926,170,683,8.9685350410291,31432,0,0,0,2000,0,0,0,2000,0,2000,0,1500,1500,0,0,0,0,4391092,4363891,1199157,527195,17407229,229821,367,1133,1500,0,0,0,0,0,0.0,0,0,1500,1500,1500,0,True
Kitty,generic_batch_only,3,74,88,2,measurement_window,completed,500,3100,161,645,9.246244748006575,30136,0,0,0,0,0,0,0,0,0,0,0,0,0,0,0,0,0,4958000,4731767,1653347,916623,0,0,368,0,1500,1132,1132,1,0,0,1.0,4,0,1500,1500,1500,0,True
Kitty,verified_reserve_plus_batch,3,75,88,2,measurement_window,completed,500,2880,173,694,8.960346887994092,31060,0,0,0,2000,0,0,0,2000,0,2000,0,1500,1500,0,0,0,0,4815758,4546180,1599318,892106,18136679,225645,367,0,1500,1133,1133,1,0,0,1.0,0,0,1500,1500,1500,0,True
Kitty,baseline,4,76,88,2,measurement_window,completed,500,2949,169,678,8.969446832023095,30144,0,0,0,0,0,0,0,0,0,0,0,0,0,0,0,0,0,4867391,4509470,1232367,536785,0,0,367,1133,1500,0,0,0,0,0,0.0,4,0,1500,1500,1500,0,True
Kitty,verified_reserve_plus_batch,4,77,88,2,measurement_window,completed,500,2904,172,688,9.1833077929914,31172,0,0,0,2000,0,0,0,2000,0,2000,0,1500,1500,0,0,0,0,4541447,4398791,1567577,885119,16446721,237911,371,0,1500,1129,1129,1,0,0,1.0,0,0,1500,1500,1500,0,True
Kitty,verified_reserve_only,4,78,88,2,measurement_window,completed,500,2912,171,686,8.948693689017091,31132,0,0,0,2000,0,0,0,2000,0,2000,0,1500,1500,0,0,0,0,4643686,4378518,1182828,508005,17776806,265503,373,1127,1500,0,0,0,0,0,0.0,0,0,1500,1500,1500,0,True
Kitty,generic_batch_only,4,79,88,2,measurement_window,completed,500,2921,171,684,8.910630896978546,30092,0,0,0,0,0,0,0,0,0,0,0,0,0,0,0,0,0,4676968,4505309,1561193,867590,0,0,349,0,1500,1151,1151,1,0,0,1.0,4,0,1500,1500,1500,0,True
AirDrop,verified_reserve_plus_batch,0,80,88,2,measurement_window,completed,1000,1654,604,61064,8.252515396976378,77004,1,0,0,100999,1,0,0,100000,1000,100000,1000,0,0,1000,0,0,0,67977802,56651253,4054307,3527859,176886841,0,25223,0,28223,3000,74777,41,0,0,24.925666666666668,24,0,100000,100000,100000,0,True
AirDrop,generic_batch_only,0,81,88,2,measurement_window,completed,1000,1696,589,59551,7.914588832994923,76488,0,0,0,0,0,0,0,0,0,0,0,0,0,0,0,0,0,70217142,59549721,4514040,3737783,0,0,25223,0,28223,3000,74777,41,0,0,24.925666666666668,24,0,100000,100000,100000,0,True
AirDrop,verified_reserve_only,0,82,88,2,measurement_window,completed,1000,1719,581,58755,8.019604708999395,76876,1,0,0,100999,1,0,0,100000,1000,100000,1000,0,0,1000,0,0,0,70314856,59201280,4185052,3773338,178454046,0,25223,3000,28223,0,0,0,0,0,0.0,24,0,100000,100000,100000,0,True
AirDrop,baseline,0,83,88,2,measurement_window,completed,1000,1663,601,60733,8.025144828017801,76512,0,0,0,0,0,0,0,0,0,0,0,0,0,0,0,0,0,69324644,58132426,4295021,3628436,0,0,25223,3000,28223,0,0,0,0,0,0.0,24,0,100000,100000,100000,0,True
AirDrop,verified_reserve_plus_batch,1,84,88,2,measurement_window,completed,1000,1766,566,57191,8.056916177039966,77012,1,0,0,100999,1,0,0,100000,1000,100000,1000,0,0,1000,0,0,0,68128351,57237371,4299372,3591887,186117964,0,25223,0,28223,3000,74777,41,0,0,24.925666666666668,24,0,100000,100000,100000,0,True
AirDrop,baseline,1,85,88,2,measurement_window,completed,1000,1662,601,60770,8.051320237049367,76616,0,0,0,0,0,0,0,0,0,0,0,0,0,0,0,0,0,67270905,56155933,4299953,3577923,0,0,25223,3000,28223,0,0,0,0,0,0.0,24,0,100000,100000,100000,0,True
AirDrop,generic_batch_only,1,86,88,2,measurement_window,completed,1000,1676,596,60262,8.00233488494996,76872,0,0,0,0,0,0,0,0,0,0,0,0,0,0,0,0,0,69471995,57722430,4442185,3613670,0,0,25223,0,28223,3000,74777,41,0,0,24.925666666666668,24,0,100000,100000,100000,0,True
AirDrop,verified_reserve_only,1,87,88,2,measurement_window,completed,1000,1802,554,56048,7.97719138499815,76748,1,0,0,100999,1,0,0,100000,1000,100000,1000,0,0,1000,0,0,0,70755815,58980234,4304555,3680425,192386987,0,25223,3000,28223,0,0,0,0,0,0.0,24,0,100000,100000,100000,0,True
AirDrop,baseline,2,88,88,2,measurement_window,completed,1000,1669,599,60515,8.057221036986448,76616,0,0,0,0,0,0,0,0,0,0,0,0,0,0,0,0,0,66628603,56058706,4287775,3499754,0,0,25223,3000,28223,0,0,0,0,0,0.0,24,0,100000,100000,100000,0,True
AirDrop,generic_batch_only,2,89,88,2,measurement_window,completed,1000,1676,596,60262,7.957368155999575,76496,0,0,0,0,0,0,0,0,0,0,0,0,0,0,0,0,0,68163128,57444702,4347692,3625411,0,0,25223,0,28223,3000,74777,41,0,0,24.925666666666668,24,0,100000,100000,100000,0,True
AirDrop,verified_reserve_only,2,90,88,2,measurement_window,completed,1000,1710,584,59064,7.913523413008079,76764,1,0,0,100999,1,0,0,100000,1000,100000,1000,0,0,1000,0,0,0,68210479,57673669,4190969,3577838,178088502,0,25223,3000,28223,0,0,0,0,0,0.0,24,0,100000,100000,100000,0,True
AirDrop,verified_reserve_plus_batch,2,91,88,2,measurement_window,completed,1000,1881,531,53694,8.040109405992553,77004,1,0,0,100999,1,0,0,100000,1000,100000,1000,0,0,1000,0,0,0,69085381,59458270,4676452,3724707,197942666,0,25223,0,28223,3000,74777,41,0,0,24.925666666666668,24,0,100000,100000,100000,0,True
AirDrop,baseline,3,92,88,2,measurement_window,completed,1000,1715,583,58892,7.982274018984754,76236,0,0,0,0,0,0,0,0,0,0,0,0,0,0,0,0,0,71482065,60416944,4411443,3769366,0,0,25223,3000,28223,0,0,0,0,0,0.0,24,0,100000,100000,100000,0,True
AirDrop,verified_reserve_plus_batch,3,93,88,2,measurement_window,completed,1000,1872,534,53952,8.037278342992067,76744,1,0,0,100999,1,0,0,100000,1000,100000,1000,0,0,1000,0,0,0,71988438,61451210,4604887,3839245,200774994,0,25223,0,28223,3000,74777,41,0,0,24.925666666666668,24,0,100000,100000,100000,0,True
AirDrop,verified_reserve_only,3,94,88,2,measurement_window,completed,1000,1801,555,56079,7.890506630006712,76632,1,0,0,100999,1,0,0,100000,1000,100000,1000,0,0,1000,0,0,0,69282263,58666207,4246144,3615613,191651298,0,25223,3000,28223,0,0,0,0,0,0.0,24,0,100000,100000,100000,0,True
AirDrop,generic_batch_only,3,95,88,2,measurement_window,completed,1000,1595,626,63322,8.024246445973404,76176,0,0,0,0,0,0,0,0,0,0,0,0,0,0,0,0,0,67477598,56512707,4187575,3550305,0,0,25223,0,28223,3000,74777,41,0,0,24.925666666666668,24,0,100000,100000,100000,0,True
AirDrop,baseline,4,96,88,2,measurement_window,completed,1000,1638,610,61660,7.802167027955875,76492,0,0,0,0,0,0,0,0,0,0,0,0,0,0,0,0,0,67567039,56658131,4162090,3537387,0,0,25223,3000,28223,0,0,0,0,0,0.0,24,0,100000,100000,100000,0,True
AirDrop,generic_batch_only,4,97,88,2,measurement_window,completed,1000,3556,281,28402,10.310318030999042,76496,0,0,0,0,0,0,0,0,0,0,0,0,0,0,0,0,0,130524942,118501744,10100811,7202245,0,0,25223,0,28223,3000,74777,41,0,0,24.925666666666668,24,0,100000,100000,100000,0,True
AirDrop,verified_reserve_only,4,98,88,2,measurement_window,completed,1000,3084,324,32749,14.743818847986404,76924,1,0,0,100999,1,0,0,100000,1000,100000,1000,0,0,1000,0,0,0,111380411,98953215,8040519,5841477,322951828,0,25223,3000,28223,0,0,0,0,0,0.0,24,0,100000,100000,100000,0,True
AirDrop,verified_reserve_plus_batch,4,99,88,2,measurement_window,completed,1000,3264,306,30943,14.686102830979507,76872,1,0,0,100999,1,0,0,100000,1000,100000,1000,0,0,1000,0,0,0,121974619,105972237,8386646,6514609,345724158,0,25223,0,28223,3000,74777,41,0,0,24.925666666666668,24,0,100000,100000,100000,0,True
