record_id,workload,pattern,certificate_type,source_function_signature,relay_site_a,relay_site_b,status,raw_certificate_status,validation_status,evidence_ids,reason,mutation_mapping,mutation_id,mutation_type,mutation_generation_status,mutation_compile_status,mutation_runtime_status,mutation_detected,mutation_regressions
token.receiver_audit.independence,TokenParallel,receiver_audit,CoEmissionIndependent,"transfer_parallel(address,address,bigint)",relay_site_2,relay_site_3,Proved,Proved,Passed,"[""parallel.pair.chsimu.Token::transfer_parallel(address,address,bigint).relay_site_2.relay_site_3.conflict"",""cfg::chsimu.Token::transfer_parallel(address,address,bigint)::2107::branch::2"",""cfg::chsimu.Token::transfer_parallel(address,address,bigint)::2180::basic::4"",""cfg::chsimu.Token::transfer_parallel(address,address,bigint)::2211::relay_emit::5"",""cfg::chsimu.Token::transfer_parallel(address,address,bigint)::2258::relay_emit::7"",""cfg_edge::chsimu.Token::transfer_parallel(address,address,bigint)::0"",""cfg_edge::chsimu.Token::transfer_parallel(address,address,bigint)::2"",""cfg_edge::chsimu.Token::transfer_parallel(address,address,bigint)::4"",""cfg_edge::chsimu.Token::transfer_parallel(address,address,bigint)::7"",""chsimu.Token::transfer_parallel(address,address,bigint)"",""rpreda.constraint.target_relation.site.relay_site_2"",""rpreda.constraint.target_relation.site.relay_site_3"",""parallel.pair.chsimu.Token::transfer_parallel(address,address,bigint).relay_site_2.relay_site_3.mutual_exclusion"",""parallel.pair.chsimu.Token::transfer_parallel(address,address,bigint).relay_site_2.relay_site_3.target_independence""]",joint path is satisfiable and Z3 proved distinct targets under it,"{""expected_regression_contains"":""lost proved CoEmissionIndependent"",""kind"":""IntroduceAlias"",""sites"":[""recipient"",""audit""],""validation_required"":true}",mut_IntroduceAlias_ff437ab3b801eeccebd37d73750e9ca1,IntroduceAlias,Generated,Compiled,Passed,True,"lost proved CoEmissionIndependent guarantee for surviving sites relay_site_2->relay_site_2, relay_site_3->relay_site_3"
token.receiver_audit.precedence,TokenParallel,receiver_audit,MustPrecede,"transfer_parallel(address,address,bigint)",relay_site_2,relay_site_3,Proved,Proved,Passed,"[""parallel.pair.chsimu.Token::transfer_parallel(address,address,bigint).relay_site_2.relay_site_3.precedence"",""cfg::chsimu.Token::transfer_parallel(address,address,bigint)::2211::relay_emit::5"",""cfg::chsimu.Token::transfer_parallel(address,address,bigint)::2258::relay_emit::7"",""chsimu.Token::transfer_parallel(address,address,bigint)"",""region::handler::relay_handler_2"",""region::handler::relay_handler_3""]",site A strictly dominates site B in the exact loop-free ICFG,"{""expected_regression_contains"":""precedence reversed"",""kind"":""RelayOrderSwap"",""sites"":[""recipient"",""audit""],""validation_required"":true}",mut_RelayOrderSwap_fa77f55500eb31e95cf3ef55f2f38d46,RelayOrderSwap,Generated,Compiled,Passed,True,"proved precedence reversed for surviving sites relay_site_2->relay_site_3, relay_site_3->relay_site_2"
ballot.voter_statistics.independence,BallotParallel,voter_statistics,CoEmissionIndependent,"vote_parallel(bool,address,address,address,address,uint64)",relay_site_0,relay_site_1,Proved,Proved,Passed,"[""parallel.pair.chsimu.Ballot::vote_parallel(bool,address,address,address,address,uint64).relay_site_0.relay_site_1.conflict"",""cfg::chsimu.Ballot::vote_parallel(bool,address,address,address,address,uint64)::1814::branch::2"",""cfg::chsimu.Ballot::vote_parallel(bool,address,address,address,address,uint64)::1857::relay_emit::4"",""cfg::chsimu.Ballot::vote_parallel(bool,address,address,address,address,uint64)::1917::relay_emit::6"",""cfg_edge::chsimu.Ballot::vote_parallel(bool,address,address,address,address,uint64)::0"",""cfg_edge::chsimu.Ballot::vote_parallel(bool,address,address,address,address,uint64)::3"",""cfg_edge::chsimu.Ballot::vote_parallel(bool,address,address,address,address,uint64)::4"",""chsimu.Ballot::vote_parallel(bool,address,address,address,address,uint64)"",""rpreda.constraint.target_relation.site.relay_site_0"",""rpreda.constraint.target_relation.site.relay_site_1"",""parallel.pair.chsimu.Ballot::vote_parallel(bool,address,address,address,address,uint64).relay_site_0.relay_site_1.mutual_exclusion"",""parallel.pair.chsimu.Ballot::vote_parallel(bool,address,address,address,address,uint64).relay_site_0.relay_site_1.target_independence""]",joint path is satisfiable and Z3 proved distinct targets under it,"{""expected_regression_contains"":""lost proved CoEmissionIndependent"",""kind"":""IntroduceAlias"",""sites"":[""voter"",""statistics""],""validation_required"":true}",mut_IntroduceAlias_118ed3a92672f37217ed417dfb289127,IntroduceAlias,Generated,Compiled,Passed,True,"lost proved CoEmissionIndependent guarantee for surviving sites relay_site_0->relay_site_0, relay_site_1->relay_site_1"
ballot.yes_no.mutual_exclusion,BallotParallel,branch_specific_statistics,MutualExclusive,"vote_parallel(bool,address,address,address,address,uint64)",relay_site_2,relay_site_3,Proved,Proved,Passed,"[""parallel.pair.chsimu.Ballot::vote_parallel(bool,address,address,address,address,uint64).relay_site_2.relay_site_3.exclusion"",""cfg::chsimu.Ballot::vote_parallel(bool,address,address,address,address,uint64)::1811::basic::3"",""cfg::chsimu.Ballot::vote_parallel(bool,address,address,address,address,uint64)::1814::branch::2"",""cfg::chsimu.Ballot::vote_parallel(bool,address,address,address,address,uint64)::1857::relay_emit::4"",""cfg::chsimu.Ballot::vote_parallel(bool,address,address,address,address,uint64)::1917::relay_emit::6"",""cfg::chsimu.Ballot::vote_parallel(bool,address,address,address,address,uint64)::1988::basic::9"",""cfg::chsimu.Ballot::vote_parallel(bool,address,address,address,address,uint64)::1991::branch::8"",""cfg::chsimu.Ballot::vote_parallel(bool,address,address,address,address,uint64)::2021::relay_emit::10"",""cfg::chsimu.Ballot::vote_parallel(bool,address,address,address,address,uint64)::2091::branch::12"",""cfg::chsimu.Ballot::vote_parallel(bool,address,address,address,address,uint64)::2122::relay_emit::14"",""cfg_edge::chsimu.Ballot::vote_parallel(bool,address,address,address,address,uint64)::0"",""cfg_edge::chsimu.Ballot::vote_parallel(bool,address,address,address,address,uint64)::10"",""cfg_edge::chsimu.Ballot::vote_parallel(bool,address,address,address,address,uint64)::11"",""cfg_edge::chsimu.Ballot::vote_parallel(bool,address,address,address,address,uint64)::12"",""cfg_edge::chsimu.Ballot::vote_parallel(bool,address,address,address,address,uint64)::14"",""cfg_edge::chsimu.Ballot::vote_parallel(bool,address,address,address,address,uint64)::3"",""cfg_edge::chsimu.Ballot::vote_parallel(bool,address,address,address,address,uint64)::4"",""cfg_edge::chsimu.Ballot::vote_parallel(bool,address,address,address,address,uint64)::5"",""cfg_edge::chsimu.Ballot::vote_parallel(bool,address,address,address,address,uint64)::6"",""cfg_edge::chsimu.Ballot::vote_parallel(bool,address,address,address,address,uint64)::7"",""cfg_edge::chsimu.Ballot::vote_parallel(bool,address,address,address,address,uint64)::9"",""chsimu.Ballot::vote_parallel(bool,address,address,address,address,uint64)"",""parallel.pair.chsimu.Ballot::vote_parallel(bool,address,address,address,address,uint64).relay_site_2.relay_site_3.mutual_exclusion""]",Z3 proved !(PathA && PathB) for exact acyclic CFG paths,"{""expected_regression_contains"":""lost proved MutuallyExclusive"",""kind"":""GuardNegate"",""sites"":[""yes""],""validation_required"":true}",mut_GuardNegate_9535c8930a919c04417a58dc76355955,GuardNegate,Generated,Compiled,Passed,True,"lost proved MutuallyExclusive guarantee for surviving sites relay_site_2->relay_site_2, relay_site_3->relay_site_3"
million_pixel.pixel_owner_stats.independence,MillionPixelParallel,pixel_owner_statistics,CoEmissionIndependent,"occupy_parallel(uint16,uint16,uint32,address)",relay_site_1,relay_site_2,Proved,Proved,Passed,"[""parallel.pair.chsimu.MillionPixel::occupy_parallel(uint16,uint16,uint32,address).relay_site_1.relay_site_2.conflict"",""cfg::chsimu.MillionPixel::occupy_parallel(uint16,uint16,uint32,address)::1028::basic::3"",""cfg::chsimu.MillionPixel::occupy_parallel(uint16,uint16,uint32,address)::1042::basic::2"",""cfg::chsimu.MillionPixel::occupy_parallel(uint16,uint16,uint32,address)::1061::basic::5"",""cfg::chsimu.MillionPixel::occupy_parallel(uint16,uint16,uint32,address)::1075::basic::4"",""cfg::chsimu.MillionPixel::occupy_parallel(uint16,uint16,uint32,address)::1094::basic::6"",""cfg::chsimu.MillionPixel::occupy_parallel(uint16,uint16,uint32,address)::1145::branch::7"",""cfg::chsimu.MillionPixel::occupy_parallel(uint16,uint16,uint32,address)::1188::relay_emit::9"",""cfg::chsimu.MillionPixel::occupy_parallel(uint16,uint16,uint32,address)::1252::relay_emit::11"",""cfg_edge::chsimu.MillionPixel::occupy_parallel(uint16,uint16,uint32,address)::0"",""cfg_edge::chsimu.MillionPixel::occupy_parallel(uint16,uint16,uint32,address)::1"",""cfg_edge::chsimu.MillionPixel::occupy_parallel(uint16,uint16,uint32,address)::2"",""cfg_edge::chsimu.MillionPixel::occupy_parallel(uint16,uint16,uint32,address)::3"",""cfg_edge::chsimu.MillionPixel::occupy_parallel(uint16,uint16,uint32,address)::4"",""cfg_edge::chsimu.MillionPixel::occupy_parallel(uint16,uint16,uint32,address)::5"",""cfg_edge::chsimu.MillionPixel::occupy_parallel(uint16,uint16,uint32,address)::8"",""cfg_edge::chsimu.MillionPixel::occupy_parallel(uint16,uint16,uint32,address)::9"",""chsimu.MillionPixel::occupy_parallel(uint16,uint16,uint32,address)"",""rpreda.constraint.target_relation.site.relay_site_1"",""rpreda.constraint.target_relation.site.relay_site_2"",""parallel.pair.chsimu.MillionPixel::occupy_parallel(uint16,uint16,uint32,address).relay_site_1.relay_site_2.mutual_exclusion"",""parallel.pair.chsimu.MillionPixel::occupy_parallel(uint16,uint16,uint32,address).relay_site_1.relay_site_2.target_independence""]",joint path is satisfiable and Z3 proved distinct targets under it,"{""expected_regression_contains"":""lost proved CoEmissionIndependent"",""kind"":""IntroduceAlias"",""sites"":[""owner_stats"",""pixel""],""validation_required"":true}",mut_IntroduceAlias_d534be5dd1980addd7e0be2a3a1d8e1a,IntroduceAlias,Generated,Compiled,Passed,True,"lost proved CoEmissionIndependent guarantee for surviving sites relay_site_1->relay_site_1, relay_site_2->relay_site_2"
kitty.offspring_parent1.independence,KittyParallel,offspring_parent_updates,CoEmissionIndependent,"breed_parallel(address,address,address,bigint,bool)",relay_site_1,relay_site_2,Proved,Proved,Passed,"[""parallel.pair.chsimu.KittyBreeding::breed_parallel(address,address,address,bigint,bool).relay_site_1.relay_site_2.conflict"",""cfg::chsimu.KittyBreeding::breed_parallel(address,address,address,bigint,bool)::1240::branch::2"",""cfg::chsimu.KittyBreeding::breed_parallel(address,address,address,bigint,bool)::1354::relay_emit::4"",""cfg::chsimu.KittyBreeding::breed_parallel(address,address,address,bigint,bool)::1424::relay_emit::6"",""cfg_edge::chsimu.KittyBreeding::breed_parallel(address,address,address,bigint,bool)::0"",""cfg_edge::chsimu.KittyBreeding::breed_parallel(address,address,address,bigint,bool)::3"",""cfg_edge::chsimu.KittyBreeding::breed_parallel(address,address,address,bigint,bool)::6"",""chsimu.KittyBreeding::breed_parallel(address,address,address,bigint,bool)"",""rpreda.constraint.target_relation.site.relay_site_1"",""rpreda.constraint.target_relation.site.relay_site_2"",""parallel.pair.chsimu.KittyBreeding::breed_parallel(address,address,address,bigint,bool).relay_site_1.relay_site_2.mutual_exclusion"",""parallel.pair.chsimu.KittyBreeding::breed_parallel(address,address,address,bigint,bool).relay_site_1.relay_site_2.target_independence""]",joint path is satisfiable and Z3 proved distinct targets under it,"{""expected_regression_contains"":""lost proved CoEmissionIndependent"",""kind"":""IntroduceAlias"",""sites"":[""offspring"",""parent1""],""validation_required"":true}",mut_IntroduceAlias_f03d32bcbaecffef4632b1c1edf8b30a,IntroduceAlias,Generated,Compiled,Passed,True,"lost proved CoEmissionIndependent guarantee for surviving sites relay_site_1->relay_site_1, relay_site_2->relay_site_2"
kitty.offspring_parent2.independence,KittyParallel,offspring_parent_updates,CoEmissionIndependent,"breed_parallel(address,address,address,bigint,bool)",relay_site_1,relay_site_3,Proved,Proved,Passed,"[""parallel.pair.chsimu.KittyBreeding::breed_parallel(address,address,address,bigint,bool).relay_site_1.relay_site_3.conflict"",""cfg::chsimu.KittyBreeding::breed_parallel(address,address,address,bigint,bool)::1240::branch::2"",""cfg::chsimu.KittyBreeding::breed_parallel(address,address,address,bigint,bool)::1354::relay_emit::4"",""cfg::chsimu.KittyBreeding::breed_parallel(address,address,address,bigint,bool)::1424::relay_emit::6"",""cfg::chsimu.KittyBreeding::breed_parallel(address,address,address,bigint,bool)::1476::relay_emit::8"",""cfg_edge::chsimu.KittyBreeding::breed_parallel(address,address,address,bigint,bool)::0"",""cfg_edge::chsimu.KittyBreeding::breed_parallel(address,address,address,bigint,bool)::3"",""cfg_edge::chsimu.KittyBreeding::breed_parallel(address,address,address,bigint,bool)::5"",""cfg_edge::chsimu.KittyBreeding::breed_parallel(address,address,address,bigint,bool)::6"",""chsimu.KittyBreeding::breed_parallel(address,address,address,bigint,bool)"",""rpreda.constraint.target_relation.site.relay_site_1"",""rpreda.constraint.target_relation.site.relay_site_3"",""parallel.pair.chsimu.KittyBreeding::breed_parallel(address,address,address,bigint,bool).relay_site_1.relay_site_3.mutual_exclusion"",""parallel.pair.chsimu.KittyBreeding::breed_parallel(address,address,address,bigint,bool).relay_site_1.relay_site_3.target_independence""]",joint path is satisfiable and Z3 proved distinct targets under it,"{""expected_regression_contains"":""lost proved CoEmissionIndependent"",""kind"":""IntroduceAlias"",""sites"":[""offspring"",""parent2""],""validation_required"":true}",mut_IntroduceAlias_9fcd99536d56e1a87be28b0e146db665,IntroduceAlias,Generated,Compiled,Passed,True,"lost proved CoEmissionIndependent guarantee for surviving sites relay_site_1->relay_site_1, relay_site_3->relay_site_3"
kitty.parent1_parent2.independence,KittyParallel,offspring_parent_updates,CoEmissionIndependent,"breed_parallel(address,address,address,bigint,bool)",relay_site_2,relay_site_3,Proved,Proved,Passed,"[""parallel.pair.chsimu.KittyBreeding::breed_parallel(address,address,address,bigint,bool).relay_site_2.relay_site_3.conflict"",""cfg::chsimu.KittyBreeding::breed_parallel(address,address,address,bigint,bool)::1240::branch::2"",""cfg::chsimu.KittyBreeding::breed_parallel(address,address,address,bigint,bool)::1354::relay_emit::4"",""cfg::chsimu.KittyBreeding::breed_parallel(address,address,address,bigint,bool)::1424::relay_emit::6"",""cfg::chsimu.KittyBreeding::breed_parallel(address,address,address,bigint,bool)::1476::relay_emit::8"",""cfg_edge::chsimu.KittyBreeding::breed_parallel(address,address,address,bigint,bool)::0"",""cfg_edge::chsimu.KittyBreeding::breed_parallel(address,address,address,bigint,bool)::3"",""cfg_edge::chsimu.KittyBreeding::breed_parallel(address,address,address,bigint,bool)::5"",""cfg_edge::chsimu.KittyBreeding::breed_parallel(address,address,address,bigint,bool)::6"",""chsimu.KittyBreeding::breed_parallel(address,address,address,bigint,bool)"",""rpreda.constraint.target_relation.site.relay_site_2"",""rpreda.constraint.target_relation.site.relay_site_3"",""parallel.pair.chsimu.KittyBreeding::breed_parallel(address,address,address,bigint,bool).relay_site_2.relay_site_3.mutual_exclusion"",""parallel.pair.chsimu.KittyBreeding::breed_parallel(address,address,address,bigint,bool).relay_site_2.relay_site_3.target_independence""]",joint path is satisfiable and Z3 proved distinct targets under it,"{""expected_regression_contains"":""lost proved CoEmissionIndependent"",""kind"":""IntroduceAlias"",""sites"":[""parent1"",""parent2""],""validation_required"":true}",mut_IntroduceAlias_361e59c43917e1057b5b4ddf389229d0,IntroduceAlias,Generated,Compiled,Passed,True,"lost proved CoEmissionIndependent guarantee for surviving sites relay_site_2->relay_site_2, relay_site_3->relay_site_3"
kitty.direct_work.bound,KittyParallel,offspring_parent_updates,WorkBound,"breed_parallel(address,address,address,bigint,bool)",,,Proved,Conservative,Passed,"[""parallel.bound.chsimu.KittyBreeding::breed_parallel(address,address,address,bigint,bool).direct_logical_work"",""chsimu.KittyBreeding::breed_parallel(address,address,address,bigint,bool)""]","CFG contains an early-exit, failure, or unknown path that may bypass a relay","{""expected_regression_contains"":""certificate bound increased"",""kind"":""RelayDuplicate"",""sites"":[""offspring""],""validation_required"":true}",mut_RelayDuplicate_3f212d5413be83ecebfef74188f2ca83,RelayDuplicate,Generated,Compiled,Passed,True,"certificate bound increased for ('chsimu.KittyBreeding::breed_parallel(address,address,address,bigint,bool)', 'direct_logical_work'): (3, 0) -> (4, 0);certificate bound increased for ('chsimu.KittyBreeding::breed_parallel(address,address,address,bigint,bool)', 'physical_route_work'): (3, 0) -> (4, 0);certificate bound increased for ('chsimu.KittyBreeding::breed_parallel(address,address,address,bigint,bool)', 'transitive_logical_work'): (3, 0) -> (4, 0)"
kitty.transitive_work.bound,KittyParallel,offspring_parent_updates,WorkBound,"breed_parallel(address,address,address,bigint,bool)",,,Proved,Conservative,Passed,"[""parallel.bound.chsimu.KittyBreeding::breed_parallel(address,address,address,bigint,bool).transitive_logical_work"",""chsimu.KittyBreeding::breed_parallel(address,address,address,bigint,bool)"",""chsimu.KittyBreeding::parallel_create_offspring(bigint,bool)"",""chsimu.KittyBreeding::parallel_update_parent()""]",finite async relay-tree logical work upper bound,"{""kind"":""PositiveOnly"",""reason"":""The RelayDuplicate validation is owned by the direct-work record; this record is retained as positive bound evidence."",""validation_required"":false}",,PositiveOnly,,,,,
kitty.physical_work.bound,KittyParallel,offspring_parent_updates,WorkBound,"breed_parallel(address,address,address,bigint,bool)",,,Proved,Conservative,Passed,"[""parallel.bound.chsimu.KittyBreeding::breed_parallel(address,address,address,bigint,bool).physical_route_work"",""chsimu.KittyBreeding::breed_parallel(address,address,address,bigint,bool)"",""chsimu.KittyBreeding::parallel_create_offspring(bigint,bool)"",""chsimu.KittyBreeding::parallel_update_parent()""]",whole relay-tree physical route upper bound,"{""kind"":""PositiveOnly"",""reason"":""The RelayDuplicate validation is owned by the direct-work record; this record is retained as positive bound evidence."",""validation_required"":false}",,PositiveOnly,,,,,
kitty.depth.bound,KittyParallel,offspring_parent_updates,DepthBound,"breed_parallel(address,address,address,bigint,bool)",,,Proved,Conservative,Passed,"[""parallel.bound.chsimu.KittyBreeding::breed_parallel(address,address,address,bigint,bool).relay_tree_depth"",""chsimu.KittyBreeding::breed_parallel(address,address,address,bigint,bool)""]",finite relay-tree depth upper bound over composed handlers,"{""kind"":""PositiveOnly"",""reason"":""RelayDuplicate changes work but does not increase sibling relay-tree depth, so no false depth violation is claimed."",""validation_required"":false}",,PositiveOnly,,,,,
airdrop.distribution_summary.precedence,AirDropParallel,distribution_then_summary,MustPrecede,"transfer_n_parallel(address,bigint,address,bigint,address,bigint,address)",relay_site_6,relay_site_7,Proved,Proved,Passed,"[""parallel.pair.chsimu.Token::transfer_n_parallel(address,bigint,address,bigint,address,bigint,address).relay_site_6.relay_site_7.precedence"",""cfg::chsimu.Token::transfer_n_parallel(address,bigint,address,bigint,address,bigint,address)::3076::relay_emit::10"",""cfg::chsimu.Token::transfer_n_parallel(address,bigint,address,bigint,address,bigint,address)::3132::relay_emit::12"",""chsimu.Token::transfer_n_parallel(address,bigint,address,bigint,address,bigint,address)"",""region::handler::relay_handler_2"",""region::handler::relay_handler_3""]",site A strictly dominates site B in the exact loop-free ICFG,"{""expected_regression_contains"":""precedence reversed"",""kind"":""RelayOrderSwap"",""sites"":[""recipient2"",""summary""],""validation_required"":true}",mut_RelayOrderSwap_3813adccd1011ac8e67f4beaaeeda80f,RelayOrderSwap,Generated,Compiled,Passed,True,"proved precedence reversed for surviving sites relay_site_6->relay_site_7, relay_site_7->relay_site_6"
airdrop.direct_work.bound,AirDropParallel,distribution_then_summary,WorkBound,"transfer_n_parallel(address,bigint,address,bigint,address,bigint,address)",,,Proved,Conservative,Passed,"[""parallel.bound.chsimu.Token::transfer_n_parallel(address,bigint,address,bigint,address,bigint,address).direct_logical_work"",""chsimu.Token::transfer_n_parallel(address,bigint,address,bigint,address,bigint,address)""]","CFG contains an early-exit, failure, or unknown path that may bypass a relay","{""kind"":""PositiveOnly"",""reason"":""RelayOrderSwap preserves relay cardinality; the finite work bound is reported as positive evidence only."",""validation_required"":false}",,PositiveOnly,,,,,
