mutation_id,mutation_type,contract,location,detection_method,final_classification,detected_by,description,compile_status,static_protocol_changed,z3_status,certificate_status,runtime_status,reason
mut_RelayTargetReplace_08ca9e1a186c133bb13ebdeaccfae16c,RelayTargetReplace,MutationStudy,25:18-25:23,StaticProtocolMismatch,StaticProtocolMismatch,StaticProtocolMismatch,replace relay target 'first' with '0u32',Compiled,True,Unsupported,NoRegression,Passed,canonical relay protocol differs from baseline oracle
mut_RelayTargetSwap_757e5a1c92cd8ba1cdce21be4923f38a,RelayTargetSwap,MutationStudy,29:8-29:37,StaticProtocolMismatch,StaticProtocolMismatch,StaticProtocolMismatch,swap the targets of relay_site_4 and relay_site_5,Compiled,True,Unsupported,NoRegression,Passed,canonical relay protocol differs from baseline oracle
mut_RelayArgumentReplace_c39fb1680a6974c420855d5adccb8115,RelayArgumentReplace,MutationStudy,25:34-25:39,StaticProtocolMismatch,StaticProtocolMismatch,StaticProtocolMismatch,replace relay argument 0 with 'first',Compiled,True,Unsupported,NoRegression,Passed,canonical relay protocol differs from baseline oracle
mut_RelayDelete_2b7a2b49406edcf89ff9a4e08824912f,RelayDelete,MutationStudy,25:12-25:41,StaticProtocolMismatch,StaticProtocolMismatch,StaticProtocolMismatch,delete relay site relay_site_2,Compiled,True,Unsupported,NoRegression,Passed,canonical relay protocol differs from baseline oracle
mut_RelayDuplicate_bef716ba613658132a901dab050331e8,RelayDuplicate,MutationStudy,25:12-25:41,StaticProtocolMismatch,StaticProtocolMismatch,StaticProtocolMismatch;CertificateViolation,duplicate relay site relay_site_2,Compiled,True,Unsupported,Violation,Passed,"canonical relay protocol differs from baseline oracle; certificate bound increased for ('chsimu.MutationStudy::exercise(bool,uint32,uint32,uint32)', 'direct_logical_work'): (4, 0) -> (5, 0); certificate bound increased for ('chsimu.MutationStudy::exercise(bool,uint32,uint32,uint32)', 'physical_route_work'): (4, 0) -> (5, 0); certificate bound increased for ('chsimu.MutationStudy::exercise(bool,uint32,uint32,uint32)', 'transitive_logical_work'): (4, 0) -> (5, 0)"
mut_RelayOrderSwap_971597c579e11ec1ee14558746f47b7c,RelayOrderSwap,MutationStudy,29:8-29:37,StaticProtocolMismatch,StaticProtocolMismatch,StaticProtocolMismatch;CertificateViolation,swap the source order of relay_site_4 and relay_site_5,Compiled,True,Unsupported,Violation,Passed,"canonical relay protocol differs from baseline oracle; proved precedence reversed for surviving sites relay_site_4->relay_site_5, relay_site_5->relay_site_4"
mut_GuardNegate_d060133a5abec561e1ff97a11a7c4f78,GuardNegate,MutationStudy,24:12-24:18,StaticProtocolMismatch,StaticProtocolMismatch,StaticProtocolMismatch,negate enclosing branch guard 'choose',Compiled,True,Unsupported,NoRegression,Passed,canonical relay protocol differs from baseline oracle
mut_HandlerReplace_7442d40f871e0bfd4b063cd7cd84bf58,HandlerReplace,MutationStudy,25:24-25:33,StaticProtocolMismatch,StaticProtocolMismatch,StaticProtocolMismatch,replace handler 'handler_a' with 'handler_b',Compiled,True,Unsupported,NoRegression,Passed,canonical relay protocol differs from baseline oracle
mut_RelayKindChange_86601625f482a521725b972c8fe06eb2,RelayKindChange,MutationStudy,41:14-41:20,StaticProtocolMismatch,StaticProtocolMismatch,StaticProtocolMismatch,change relay kind from 'custom_scope' to 'next',Compiled,True,Unsupported,NoRegression,Passed,canonical relay protocol differs from baseline oracle
mut_BroadcastToSingle_35c67028566ec9da2930fa55b6488617,BroadcastToSingle,MutationStudy,51:14-51:20,StaticProtocolMismatch,StaticProtocolMismatch,StaticProtocolMismatch,replace all-shards broadcast with one next-scope relay,Compiled,True,Unsupported,NoRegression,Passed,canonical relay protocol differs from baseline oracle
mut_SingleToBroadcast_2d1953c8b83f0475d8c2c524da8fc854,SingleToBroadcast,MutationStudy,52:14-52:18,StaticProtocolMismatch,StaticProtocolMismatch,StaticProtocolMismatch,replace a single-target relay with relay@shards,Compiled,True,Unsupported,NoRegression,Passed,canonical relay protocol differs from baseline oracle
mut_IntroduceAlias_139607b61a15a02b2347217829ef6202,IntroduceAlias,MutationStudy,47:14-47:27,StaticProtocolMismatch,StaticProtocolMismatch,StaticProtocolMismatch;CertificateViolation,force relay_site_10 to alias target of relay_site_9,Compiled,True,Unsupported,Violation,Passed,"canonical relay protocol differs from baseline oracle; lost proved CoEmissionIndependent guarantee for surviving sites relay_site_10->relay_site_10, relay_site_9->relay_site_9"
mut_IntroduceRelayRecursion_849a616311dc29cbda04e70840609246,IntroduceRelayRecursion,MutationStudy,4:45-4:46,StaticProtocolMismatch,StaticProtocolMismatch,StaticProtocolMismatch;CertificateViolation;RuntimeStrictMismatch;InfrastructureFailure,insert a self-relay into handler 'handler_a',Compiled,True,Unsupported,Violation,RuntimeStrictMismatch,"canonical relay protocol differs from baseline oracle; lost proved CoEmissionIndependent guarantee for surviving sites relay_site_10->relay_site_11, relay_site_9->relay_site_10; lost finite certificate bound ('chsimu.MutationStudy::alias_safe(uint32,uint32)', 'physical_route_work'); lost finite certificate bound ('chsimu.MutationStudy::alias_safe(uint32,uint32)', 'relay_tree_depth'); lost finite certificate bound ('chsimu.MutationStudy::alias_safe(uint32,uint32)', 'transitive_logical_work'); lost finite certificate bound ('chsimu.MutationStudy::exercise(bool,uint32,uint32,uint32)', 'physical_route_work'); lost finite certificate bound ('chsimu.MutationStudy::exercise(bool,uint32,uint32,uint32)', 'relay_tree_depth'); lost finite certificate bound ('chsimu.MutationStudy::exercise(bool,uint32,uint32,uint32)', 'transitive_logical_work'); certificate bound increased for ('chsimu.MutationStudy::handler_a(uint32)', 'direct_logical_work'): (0, 0) -> (1, 0); lost finite certificate bound ('chsimu.MutationStudy::handler_a(uint32)', 'physical_route_work'); lost finite certificate bound ('chsimu.MutationStudy::handler_a(uint32)', 'relay_tree_depth'); lost finite certificate bound ('chsimu.MutationStudy::handler_a(uint32)', 'transitive_logical_work'); lost finite certificate bound ('chsimu.MutationStudy::nextable(uint32,uint32)', 'physical_route_work'); lost finite certificate bound ('chsimu.MutationStudy::nextable(uint32,uint32)', 'relay_tree_depth'); lost finite certificate bound ('chsimu.MutationStudy::nextable(uint32,uint32)', 'transitive_logical_work'); lost finite certificate bound ('chsimu.MutationStudy::scoped_driver(uint32,uint32)', 'physical_route_work'); lost finite certificate bound ('chsimu.MutationStudy::scoped_driver(uint32,uint32)', 'relay_tree_depth'); lost finite certificate bound ('chsimu.MutationStudy::scoped_driver(uint32,uint32)', 'transitive_logical_work'); runtime execution terminated with GasUsedUp; TraceInstrumentationError: instrumentation; TraceInstrumentationError: instrumentation; TraceInstrumentationError: instrumentation; TraceInstrumentationError: instrumentation; TraceInstrumentationError: instrumentation; TraceInstrumentationError: instrumentation"
