case_id,sweep_axis,coupled_dimensions,baseline_configuration,status,reason,actual_functions,actual_statements,actual_relay_sites,actual_relay_width,actual_relay_depth,actual_branch_depth,actual_loop_depth,actual_sync_call_depth,actual_arguments_per_relay,actual_target_expression_terms,actual_constraint_count,actual_formula_ir_constraint_count,actual_obligation_count,actual_solver_goal_count,actual_solver_assumption_reference_count,actual_solver_unique_assumption_constraint_count,analysis_time_min_ms,analysis_time_q1_ms,analysis_time_median_ms,analysis_time_q3_ms,analysis_time_max_ms,analysis_time_iqr_ms,analysis_time_p95_ms,process_wall_median_ms,peak_rss_min_kib,peak_rss_q1_kib,peak_rss_median_kib,peak_rss_q3_kib,peak_rss_max_kib,peak_rss_iqr_kib,peak_rss_p95_kib,solver_time_median_ms,solver_invocation_count,solver_status_consistent,solver_proved_min,solver_proved_median,solver_proved_max,solver_disproved_min,solver_disproved_median,solver_disproved_max,solver_unknown_min,solver_unknown_median,solver_unknown_max,solver_timeout_min,solver_timeout_median,solver_timeout_max,manifest_size_bytes,manifest_size_p95_bytes,certificate_size_bytes,certificate_size_p95_bytes,normalized_certificate_size_bytes,formula_ir_size_bytes,normalized_manifest_size_bytes,formula_ast_nodes,cfg_node_count,cfg_time_ms,call_graph_time_ms,effect_time_ms,icfg_time_ms,summary_time_ms,refinement_time_ms,certificate_time_ms
functions_8,functions,[],False,Completed,,8,128,4,4,1,0,0,0,1,1,36,36,50,26,40,24,549.94776,572.321558,579.741,670.203006,1179.278089,97.881448,1077.463072,662.726869,46736.0,46820.0,47008.0,47156.0,47236.0,336.0,47220.0,268.0,26,True,8,8,8,18,18,18,0,0,0,0,0,0,4348675,4348694.6,56529,56539.0,45299,201362,3405581,618,148,1.517198,0.063168,0.068351,252.561777,0.073995,0.32963,138.373511
functions_16,functions,[],True,Completed,,16,128,4,4,1,0,0,0,1,1,60,60,66,34,56,40,590.913514,623.891724,783.854415,786.401234,1384.981453,162.50951,1265.265409,891.08199,46748.0,47176.0,47260.0,47388.0,47488.0,212.0,47468.0,371.0,34,True,16,16,16,18,18,18,0,0,0,0,0,0,4235915,4235931.0,83956,83964.0,61819,266086,3239271,770,164,1.956963,0.110747,0.127767,218.589533,0.110686,0.454789,139.330008
functions_32,functions,[],False,Completed,,32,128,4,4,1,0,0,0,1,1,108,108,98,50,88,72,724.14819,729.970183,735.092447,741.555519,1388.573546,11.585336,1259.169941,830.138189,47008.0,47220.0,47280.0,47360.0,47508.0,140.0,47478.4,503.0,50,True,32,32,32,18,18,18,0,0,0,0,0,0,4086217,4086233.2,138739,138747.2,94747,395270,2970921,1074,196,1.782465,0.167916,0.192165,123.651617,0.105263,0.4717,145.923141
functions_64,functions,[],False,Completed,,64,128,4,4,1,0,0,0,1,1,204,204,162,82,152,136,387.047331,391.696213,403.402278,439.920703,1017.998604,48.22449,902.383024,495.907799,49288.0,49320.0,49328.0,49556.0,49580.0,236.0,49575.2,265.0,82,True,64,64,64,18,18,18,0,0,0,0,0,0,4112441,4112465.2,248112,248112.0,160411,652646,2713826,1682,260,1.857265,0.260378,0.300583,43.696975,0.145055,0.943427,35.534302
statements_32,statements,[],False,Completed,,16,32,4,4,1,0,0,0,1,1,60,60,66,34,56,40,138.244177,138.380081,139.397667,147.451696,415.42658,9.071615,361.831603,175.31591,41276.0,41640.0,41700.0,41880.0,41880.0,240.0,41880.0,108.0,34,True,16,16,16,18,18,18,0,0,0,0,0,0,1226312,1226322.4,83952,83952.0,61819,266086,705664,770,68,0.500278,0.089142,0.091849,2.83413,0.07233,0.369787,33.326292
statements_64,statements,[],False,Completed,,16,64,4,4,1,0,0,0,1,1,60,60,66,34,56,40,158.829906,158.971225,173.860275,230.87203,288.700518,71.900805,277.13482,220.434534,42356.0,42448.0,42464.0,42516.0,42760.0,68.0,42711.2,114.0,34,True,16,16,16,18,18,18,0,0,0,0,0,0,1801928,1801928.0,83952,83952.0,61819,266086,1184064,770,100,0.870748,0.095483,0.104202,22.953121,0.083409,0.324615,37.922267
statements_128,statements,[],True,Completed,,16,128,4,4,1,0,0,0,1,1,60,60,66,34,56,40,614.75659,619.510729,633.863566,1164.002313,1541.322254,544.491584,1465.858266,722.494116,46940.0,47096.0,47228.0,47348.0,47428.0,252.0,47412.0,343.0,34,True,16,16,16,18,18,18,0,0,0,0,0,0,4235909,4235930.8,83956,83964.0,61819,266086,3239271,770,164,1.480247,0.086044,0.101786,215.642519,0.086459,0.36586,135.835939
statements_256,statements,[],False,Completed,,16,256,4,4,1,0,0,0,1,1,60,60,66,34,56,40,2386.285278,2473.861221,2583.958723,2707.786004,5745.584114,233.924783,5138.024492,2839.919821,94980.0,95176.0,95408.0,95476.0,95476.0,300.0,95476.0,352.0,34,True,16,16,16,18,18,18,0,0,0,0,0,0,14275593,14275609.2,83958,83963.6,61819,266086,11784167,770,292,3.480641,0.114963,0.136989,2154.511263,0.101452,0.426157,159.727705
relay_sites_1,relay_sites,"[""relay_width""]",False,Completed,,16,128,1,1,1,0,0,0,1,1,51,51,36,16,32,32,407.655642,409.935048,451.995892,503.483593,779.237109,93.548545,724.086406,526.334944,44964.0,45056.0,45184.0,45416.0,45444.0,360.0,45438.4,174.0,16,True,16,16,16,0,0,0,0,0,0,0,0,0,3794219,3794222.0,55341,55341.0,33208,143206,3039390,338,161,1.940955,0.106923,0.123446,220.615354,0.075455,0.261515,0.374419
relay_sites_2,relay_sites,"[""relay_width""]",False,Completed,,16,128,2,2,1,0,0,0,1,1,54,54,43,19,36,36,418.399429,418.443973,442.980481,455.400298,1300.754982,36.956325,1131.684045,516.426111,45560.0,45964.0,46020.0,46048.0,46236.0,84.0,46198.4,190.0,19,True,16,16,16,3,3,3,0,0,0,0,0,0,3879969,3879973.2,59877,59878.6,37744,168816,3083007,418,162,1.497733,0.085234,0.10316,202.432377,0.078253,0.294628,21.211457
relay_sites_4,relay_sites,"[""relay_width""]",True,Completed,,16,128,4,4,1,0,0,0,1,1,60,60,66,34,56,40,574.429927,576.566374,620.312619,668.233516,1286.806186,91.667142,1163.091652,704.961418,47164.0,47172.0,47440.0,47556.0,47564.0,384.0,47562.4,334.0,34,True,16,16,16,18,18,18,0,0,0,0,0,0,4235906,4235929.2,83953,83963.2,61819,266086,3239271,770,164,1.483753,0.083766,0.101274,202.589114,0.092716,0.349597,138.546994
relay_sites_8,relay_sites,"[""relay_width""]",False,Completed,,16,128,8,8,1,0,0,0,1,1,72,72,148,100,144,48,1303.764834,1358.08954,1374.753092,1416.290109,2910.043343,58.200569,2611.292696,1475.64587,58128.0,58396.0,58632.0,58664.0,58724.0,268.0,58712.0,957.0,100,True,16,16,16,84,84,84,0,0,0,0,0,0,6071993,6072082.8,201938,201978.0,179799,710850,3904279,2578,168,1.481365,0.096783,0.106146,198.003797,0.096887,0.511582,611.489894
relay_sites_16,relay_sites,"[""relay_width""]",False,Completed,,16,128,16,16,1,0,0,0,1,1,96,96,456,376,512,64,3203.851175,3246.608351,3367.620986,6761.305509,8039.803543,3514.697158,7784.103936,3647.000288,115324.0,115420.0,115620.0,115736.0,115892.0,316.0,115860.8,2413.0,376,True,16,16,16,360,360,360,0,0,0,0,0,0,18299024,18299193.0,796453,796505.0,774301,3130482,7254895,13298,176,1.570391,0.096666,0.103309,264.071649,0.151163,1.354724,1434.541974
relay_width_1,relay_width,"[""relay_depth"",""functions""]",False,Completed,,17,128,16,1,16,0,0,0,1,1,99,99,98,17,34,34,380.289176,418.263925,426.938952,448.333577,825.344662,30.069652,749.942445,528.297322,47980.0,48216.0,48272.0,48400.0,48536.0,184.0,48508.8,180.0,17,True,17,17,17,0,0,0,0,0,0,0,0,0,4426002,4426002.0,103574,103574.0,61654,347551,3397226,837,178,1.667451,0.119646,0.124243,211.457899,0.133718,0.671389,1.014672
relay_width_2,relay_width,"[""relay_depth"",""functions""]",False,Completed,,17,128,16,2,8,0,0,0,1,1,99,99,115,34,66,66,574.164255,574.862876,591.857293,1220.35092,1828.39874,645.488044,1706.789176,699.691495,47260.0,47528.0,47684.0,47720.0,47872.0,192.0,47841.6,365.0,34,True,17,17,17,17,17,17,0,0,0,0,0,0,4245896,4245912.0,99374,99381.0,70623,392107,3189535,996,178,1.469434,0.108307,0.114302,189.984551,0.129168,0.624008,106.216796
relay_width_4,relay_width,"[""relay_depth"",""functions""]",False,Completed,,17,128,16,4,4,0,0,0,1,1,99,99,152,71,130,66,953.551615,974.27133,977.653477,1003.726078,2073.56587,29.454748,1859.597912,1065.709572,48992.0,49272.0,49280.0,49548.0,49648.0,276.0,49628.0,670.0,71,True,17,17,17,54,54,54,0,0,0,0,0,0,4682835,4682890.0,155033,155057.8,129985,523071,3345763,1503,178,1.542318,0.105163,0.12618,163.064811,0.143355,0.809742,305.228466
relay_width_8,relay_width,"[""relay_depth"",""functions""]",False,Completed,,17,128,16,8,2,0,0,0,1,1,99,99,238,157,258,66,1761.773853,1793.982283,1800.391468,3860.182314,4476.113545,2066.200031,4352.927299,1939.818346,62072.0,62308.0,62584.0,62600.0,62644.0,292.0,62635.2,1320.0,157,True,17,17,17,140,140,140,0,0,0,0,0,0,6731863,6731992.0,316907,316952.0,292996,980703,4130005,3441,178,1.459069,0.105889,0.127966,191.054258,0.123413,0.782599,763.248497
relay_width_16,relay_width,"[""relay_depth"",""functions""]",False,Completed,,17,128,16,16,1,0,0,0,1,1,99,99,458,377,514,66,3056.729936,3082.489224,3083.780681,3284.612587,6077.488547,202.123363,5518.913355,3363.007989,115512.0,115608.0,115628.0,115808.0,115940.0,200.0,115913.6,2265.0,377,True,17,17,17,360,360,360,0,0,0,0,0,0,18286330,18286438.6,799865,799898.8,776353,3138521,7235233,13317,178,1.746544,0.108557,0.101359,213.984408,0.115663,0.925279,1237.699394
relay_depth_1,relay_depth,"[""relay_width""]",False,Completed,,16,128,8,8,1,0,0,0,1,1,72,72,148,100,144,48,1347.213149,1353.031406,1398.664473,1406.939787,2980.395845,53.908381,2665.704633,1508.293195,58508.0,58568.0,58652.0,58788.0,58892.0,220.0,58871.2,951.0,100,True,16,16,16,84,84,84,0,0,0,0,0,0,6071993,6072083.8,201941,201978.8,179799,710850,3904279,2578,168,1.461169,0.094475,0.103603,230.618738,0.100554,0.526078,620.184638
relay_depth_2,relay_depth,"[""relay_width""]",False,Completed,,16,128,8,4,2,0,0,0,1,1,72,72,94,46,80,48,686.399683,719.577592,726.046583,736.601566,1707.158373,17.023974,1513.047012,816.614988,47600.0,47964.0,47992.0,48040.0,48124.0,76.0,48107.2,445.0,46,True,16,16,16,30,30,30,0,0,0,0,0,0,4351764,4351798.0,106009,106024.0,83476,342306,3266854,976,168,1.587822,0.098558,0.110615,180.447432,0.106993,0.512483,197.442824
relay_depth_4,relay_depth,"[""relay_width""]",False,Completed,,16,128,8,2,4,0,0,0,1,1,72,72,73,25,48,48,463.272877,477.984561,486.70762,487.22239,1199.214054,9.237829,1056.815721,565.827829,46596.0,46824.0,46868.0,46880.0,46896.0,56.0,46892.8,241.0,25,True,16,16,16,9,9,9,0,0,0,0,0,0,4026025,4026035.0,73528,73531.0,49846,259878,3126821,653,168,1.503855,0.095809,0.104754,196.99118,0.095637,0.402497,64.983588
relay_depth_8,relay_depth,"[""relay_width""]",False,Completed,,16,128,8,1,8,0,0,0,1,1,72,72,64,16,32,32,412.240866,416.313593,422.983725,452.259116,911.886612,35.945523,819.961113,520.806721,46084.0,46148.0,46284.0,46368.0,46408.0,220.0,46400.0,188.0,16,True,16,16,16,0,0,0,0,0,0,0,0,0,4074868,4074868.0,67874,67874.0,40494,234304,3202768,562,168,1.451715,0.094589,0.092511,214.327229,0.098869,0.429628,0.518278
branch_depth_0,branch_depth,[],True,Completed,,16,128,4,4,1,0,0,0,1,1,60,60,66,34,56,40,595.683525,614.749059,617.249223,665.640952,1096.959286,50.891893,1010.695619,701.517153,47100.0,47180.0,47248.0,47404.0,47436.0,224.0,47429.6,357.0,34,True,16,16,16,18,18,18,0,0,0,0,0,0,4235908,4235928.4,83954,83963.0,61819,266086,3239271,770,164,1.643741,0.095891,0.105909,195.18911,0.087937,0.32959,140.581274
branch_depth_1,branch_depth,[],False,Completed,,16,128,4,4,1,1,0,0,1,1,60,60,66,34,56,40,612.943351,619.85299,641.232786,764.237188,1322.451759,144.384198,1210.808845,727.012903,48584.0,48668.0,48772.0,48908.0,49000.0,240.0,48981.6,333.0,34,True,16,16,16,18,18,18,0,0,0,0,0,0,4673117,4673140.6,85382,85391.0,63246,352957,3361205,1154,165,1.587846,0.103313,0.109678,230.750699,0.089909,0.345811,133.627657
branch_depth_2,branch_depth,[],False,Completed,,16,128,4,4,1,2,0,0,1,1,60,60,66,34,56,40,620.662492,634.629021,643.333617,675.672834,1431.271216,41.043813,1280.15154,755.954517,50468.0,50988.0,51312.0,51480.0,51492.0,492.0,51489.6,354.0,34,True,16,16,16,18,18,18,0,0,0,0,0,0,5251165,5251177.6,87900,87906.6,65762,458503,3481357,1610,166,2.062996,0.114774,0.145625,232.209465,0.095058,0.351047,146.495029
branch_depth_4,branch_depth,[],False,Completed,,16,128,4,4,1,4,0,0,1,1,60,60,66,34,56,40,634.185559,642.93198,649.817989,1271.340355,1292.400816,628.408375,1288.188724,791.10158,62308.0,62508.0,62528.0,62680.0,62764.0,172.0,62747.2,354.0,34,True,16,16,16,18,18,18,0,0,0,0,0,0,7013398,7013419.0,92960,92965.0,70820,724949,3779830,2734,168,1.531768,0.089325,0.124753,216.911934,0.091378,0.365394,162.310141
loop_depth_0,loop_depth,[],True,Completed,,16,128,4,4,1,0,0,0,1,1,60,60,66,34,56,40,582.28854,609.234968,610.396611,613.835474,1090.482853,4.600506,995.153377,697.870813,47312.0,47372.0,47408.0,47440.0,47560.0,68.0,47536.0,339.0,34,True,16,16,16,18,18,18,0,0,0,0,0,0,4235907,4235927.2,83955,83963.0,61819,266086,3239271,770,164,1.467574,0.085539,0.10659,194.152633,0.085223,0.332733,133.586109
loop_depth_1,loop_depth,[],False,Completed,,16,128,4,4,1,0,1,0,1,1,58,58,54,19,44,38,470.958569,481.071284,519.803827,557.925585,1195.259992,76.854301,1067.793111,604.004985,46056.0,46508.0,46612.0,46660.0,46784.0,152.0,46759.2,185.0,19,True,16,16,16,3,3,3,0,0,0,0,0,0,4084757,4084762.4,64907,64907.0,42774,190713,3242947,449,167,2.072986,0.119905,0.145299,295.191835,0.099039,0.345681,0.403401
loop_depth_2,loop_depth,[],False,Completed,,16,128,4,4,1,0,2,0,1,1,58,58,54,19,44,38,450.483439,483.375843,485.092235,530.259717,879.495293,46.883874,809.648178,566.986881,46848.0,47080.0,47092.0,47112.0,47124.0,32.0,47121.6,219.0,19,True,16,16,16,3,3,3,0,0,0,0,0,0,4179260,4179262.0,64910,64910.0,42777,191921,3317527,451,170,1.56927,0.089426,0.119028,239.432984,0.093149,0.347086,0.370936
loop_depth_3,loop_depth,[],False,Completed,,16,128,4,4,1,0,3,0,1,1,58,58,54,19,44,38,468.22552,498.976962,536.769525,538.154728,925.217105,39.177766,847.80463,619.615404,46948.0,46992.0,47032.0,47048.0,47212.0,56.0,47179.2,196.0,19,True,16,16,16,3,3,3,0,0,0,0,0,0,4283835,4283835.0,64916,64916.0,42781,193137,3400379,453,173,1.670519,0.091734,0.129022,261.845208,0.095051,0.356163,0.412623
sync_call_depth_0,sync_call_depth,[],True,Completed,,16,128,4,4,1,0,0,0,1,1,60,60,66,34,56,40,585.756072,611.52972,616.232699,677.964224,1214.62798,66.434504,1107.295229,704.78171,47248.0,47276.0,47352.0,47352.0,47416.0,76.0,47403.2,353.0,34,True,16,16,16,18,18,18,0,0,0,0,0,0,4235905,4235926.8,83953,83962.0,61819,266086,3239271,770,164,1.512015,0.086385,0.108464,227.491948,0.083445,0.34186,136.818547
sync_call_depth_1,sync_call_depth,[],False,Completed,,16,128,4,4,1,0,0,1,1,1,60,60,66,34,56,40,630.233237,645.786694,667.807941,670.041028,1179.902219,24.254334,1077.929981,754.422269,48440.0,48448.0,48544.0,48548.0,48564.0,100.0,48560.8,361.0,34,True,16,16,16,18,18,18,0,0,0,0,0,0,4571642,4571653.4,87701,87706.2,65330,303701,3387348,962,165,1.622648,0.096483,0.111779,219.245195,0.086078,0.33926,149.861605
sync_call_depth_2,sync_call_depth,[],False,Completed,,16,128,4,4,1,0,0,2,1,1,60,60,66,34,56,40,624.971672,646.546472,655.625721,1403.284252,1449.549407,756.73778,1440.296376,760.36315,49460.0,49516.0,49552.0,49672.0,49712.0,156.0,49704.0,332.0,34,True,16,16,16,18,18,18,0,0,0,0,0,0,4939645,4939671.0,91814,91824.0,69022,341316,3514986,1154,166,2.076361,0.173573,0.174994,262.72664,0.090743,0.371029,134.813446
sync_call_depth_4,sync_call_depth,[],False,Completed,,16,128,4,4,1,0,0,4,1,1,60,60,66,34,56,40,651.092688,659.250355,662.180603,677.727297,1257.370173,18.476942,1141.441598,775.601818,51892.0,51940.0,52136.0,52140.0,52272.0,200.0,52245.6,325.0,34,True,16,16,16,18,18,18,0,0,0,0,0,0,5852386,5852413.0,101413,101422.2,77192,416542,3778568,1538,168,1.616483,0.112483,0.113244,262.910524,0.086198,0.344955,145.73149
sync_call_depth_8,sync_call_depth,[],False,Completed,,16,128,4,4,1,0,0,8,1,1,60,60,66,34,56,40,718.31734,728.950166,743.44758,761.867582,1431.787692,32.917416,1297.80367,887.482301,64764.0,64928.0,65124.0,65132.0,65156.0,204.0,65151.2,352.0,34,True,16,16,16,18,18,18,0,0,0,0,0,0,8385156,8385176.0,126197,126205.2,96766,567098,4339341,2306,172,1.501131,0.123661,0.105854,303.571236,0.08879,0.336026,153.139616
arguments_per_relay_0,arguments_per_relay,[],False,Completed,,16,128,4,4,1,0,0,0,0,1,56,56,62,34,56,40,564.430715,583.618884,596.769367,602.059858,1145.042363,18.440974,1036.445862,677.189035,46812.0,46832.0,46912.0,47092.0,47100.0,260.0,47098.4,324.0,34,True,16,16,16,18,18,18,0,0,0,0,0,0,3990427,3990449.6,82765,82773.4,60714,245341,3011914,724,164,1.705078,0.102338,0.120858,190.563165,0.080934,0.303091,133.699589
arguments_per_relay_1,arguments_per_relay,[],True,Completed,,16,128,4,4,1,0,0,0,1,1,60,60,66,34,56,40,581.258791,609.769453,647.334842,670.395269,1243.151048,60.625816,1128.599892,750.207398,46864.0,46968.0,47060.0,47116.0,47176.0,148.0,47164.0,335.0,34,True,16,16,16,18,18,18,0,0,0,0,0,0,4235909,4235926.8,83954,83962.6,61819,266086,3239271,770,164,1.586582,0.08876,0.10578,235.014416,0.094815,0.372201,143.807065
arguments_per_relay_2,arguments_per_relay,[],False,Completed,,16,128,4,4,1,0,0,0,2,1,64,64,70,34,56,40,565.112345,608.879265,613.386973,624.050464,1247.660762,15.171199,1122.938702,708.325479,48364.0,48400.0,48588.0,48672.0,48844.0,272.0,48809.6,337.0,34,True,16,16,16,18,18,18,0,0,0,0,0,0,4482293,4482315.4,85161,85170.2,62935,287604,3467566,816,164,1.735482,0.096096,0.108733,199.138956,0.085884,0.389861,132.516807
arguments_per_relay_4,arguments_per_relay,[],False,Completed,,16,128,4,4,1,0,0,0,4,1,72,72,78,34,56,40,606.529962,620.213759,626.674642,655.314279,1171.216637,35.10052,1068.036165,713.894908,50208.0,50208.0,50396.0,50616.0,50628.0,408.0,50625.6,335.0,34,True,16,16,16,18,18,18,0,0,0,0,0,0,4977224,4977244.8,87573,87583.2,65167,332854,3926314,908,164,1.568989,0.095223,0.105259,219.219193,0.091308,0.437159,125.104743
arguments_per_relay_8,arguments_per_relay,[],False,Completed,,16,128,4,4,1,0,0,0,8,1,88,88,94,34,56,40,731.187756,735.780251,743.770238,744.320341,1570.11953,8.54009,1404.959692,851.066935,53196.0,53256.0,53400.0,53700.0,53712.0,444.0,53709.6,359.0,34,True,16,16,16,18,18,18,0,0,0,0,0,0,5976023,5976035.8,92405,92412.2,69631,432190,4852735,1092,164,1.631468,0.088215,0.105161,309.224249,0.083143,0.572192,142.872357
