benchmark,mutation_id,mutation_type,semantic_category,static,z3,certificate,runtime,formula_ir_changed,final_classification
Token,a898617e03138c73250032da8b31212f,RelayDuplicate,Work,True,False,True,False,False,StaticProtocolMismatch
Token,3ecf6f83f2d58a5a961def811aa5bb3f,ArgumentArithmeticPerturb,Argument,True,True,False,False,True,StaticProtocolMismatch
Token,7174f69426c67685186e8ff082c1a560,GuardBoundaryChange,Guard,True,True,False,False,True,StaticProtocolMismatch
Ballot,45bba551ed34aaeb28995e36a0d95357,RelayDuplicate,Work,True,False,True,False,False,StaticProtocolMismatch
Ballot,e9dcd8f257a9c49f2e7eab174af6f233,BroadcastToSingle,Broadcast,False,False,False,False,False,CompilerRejected
MillionPixel,4517d77c213c050a5ae2075e73e09abb,RelayDuplicate,Work,True,False,True,False,False,StaticProtocolMismatch
MillionPixel,1d6667b115f1afd8104be4ce30e30e3d,TargetArithmeticPerturb,Target,False,True,False,False,True,Z3Disproved
MillionPixel,70c84951203d3487f6a55dff0e270912,TargetVariableSwap,Target,False,True,False,False,True,Z3Disproved
MillionPixel,runtime-mp-target-scope,RuntimeTargetScopeCorruption,Target,False,False,False,True,,RuntimeStrictMismatch
Kitty,1657e1ca9820b21bb431d73814ace93e,RelayDuplicate,Work,True,False,True,False,False,StaticProtocolMismatch
Kitty,9594747e185d3cfc7617deccbb0744d6,ArgumentArithmeticPerturb,Argument,True,True,False,False,True,StaticProtocolMismatch
AirDrop,e158f49d4c89aceb383265071650607d,RelayDuplicate,Work,True,False,False,False,False,StaticProtocolMismatch
AirDrop,runtime-airdrop-duplicate,RuntimeRelayDuplicate,Work,False,False,False,False,,Unsupported
Synthetic,1488d6c095f1adc60e3d9d4f79fe9d87,RelayDuplicate,Work,True,False,True,False,False,StaticProtocolMismatch
Synthetic,9cb75393bd225806079998137ae77897,RelayOrderSwap,Order,True,False,True,False,False,StaticProtocolMismatch
Synthetic,2933f2f3d6732439e854e52b8840143c,IntroduceAlias,Alias,True,False,True,False,False,StaticProtocolMismatch
Synthetic,8cb23b1ef0c0b65147d2c9888476cf65,IntroduceRelayRecursion,Depth,True,False,True,False,False,StaticProtocolMismatch
Synthetic,fc502f164886498bbf446fe30d5401fc,TargetArithmeticPerturb,Target,True,True,False,False,True,StaticProtocolMismatch
Synthetic,e4bf549e8dd18cb4cdc8ae38d12f371f,TargetVariableSwap,Target,True,True,False,False,True,StaticProtocolMismatch
Synthetic,811bf309fd90fb1476c11eaa8c728405,ArgumentArithmeticPerturb,Argument,True,True,False,False,True,StaticProtocolMismatch
Synthetic,34fb5df52e83487caaee91c21d8ca93d,GuardBoundaryChange,Guard,True,True,False,False,True,StaticProtocolMismatch
Synthetic,runtime-synthetic-duplicate,RuntimeRelayDuplicate,Work,False,False,True,True,,CertificateViolation
