mutation_id,mutation_type,benchmark,semantic_category,contract,location,detection_method,final_classification,detected_by,detection_layers,description,compile_status,static_protocol_changed,z3_status,certificate_status,runtime_status,reason
a898617e03138c73250032da8b31212f,RelayDuplicate,Token,Work,Token,9:12-13:13,StaticProtocolMismatch,StaticProtocolMismatch,StaticProtocolMismatch;CertificateViolation,static;certificate,duplicate relay site relay_site_0,Compiled,True,NotApplicable,Violation,Passed,"canonical relay protocol differs from baseline; lost finite certificate bound ('chsimu.Token::__relaylambda_3_transfer_n(bigint)', 'direct_logical_work'); lost finite certificate bound ('chsimu.Token::__relaylambda_3_transfer_n(bigint)', 'physical_route_work'); lost finite certificate bound ('chsimu.Token::__relaylambda_3_transfer_n(bigint)', 'relay_tree_depth'); lost finite certificate bound ('chsimu.Token::__relaylambda_3_transfer_n(bigint)', 'transitive_logical_work'); certificate bound increased for ('chsimu.Token::transfer(address,bigint)', 'direct_logical_work'): (1, 0) -> (2, 0); certificate bound increased for ('chsimu.Token::transfer(address,bigint)', 'physical_route_work'): (1, 0) -> (2, 0); certificate bound increased for ('chsimu.Token::transfer(address,bigint)', 'transitive_logical_work'): (1, 0) -> (2, 0)"
3ecf6f83f2d58a5a961def811aa5bb3f,ArgumentArithmeticPerturb,Token,Argument,Token,9:23-9:29,StaticProtocolMismatch,StaticProtocolMismatch,StaticProtocolMismatch;Z3Disproved,static;z3,perturb relay argument FormulaIR by one while preserving its numeric sort,Compiled,True,Disproved,NoRegression,Passed,canonical relay protocol differs from baseline; cross-version Formula IR preservation was disproved
7174f69426c67685186e8ff082c1a560,GuardBoundaryChange,Token,Guard,Token,6:19-6:21,StaticProtocolMismatch,StaticProtocolMismatch,StaticProtocolMismatch;Z3Disproved,static;z3,change guard boundary operator '>=' to '>',Compiled,True,Disproved,NoRegression,Passed,canonical relay protocol differs from baseline; cross-version Formula IR preservation was disproved
45bba551ed34aaeb28995e36a0d95357,RelayDuplicate,Ballot,Work,Ballot,78:8-113:9,StaticProtocolMismatch,StaticProtocolMismatch,StaticProtocolMismatch;CertificateViolation,static;certificate,duplicate relay site relay_site_1,Compiled,True,NotApplicable,Violation,Passed,"canonical relay protocol differs from baseline; lost finite certificate bound ('chsimu.Ballot::__relaylambda_5_finalize()', 'physical_route_work'); certificate bound increased for ('chsimu.Ballot::__relaylambda_5_finalize()', 'relay_tree_depth'): (1, 0) -> (2, 0); lost finite certificate bound ('chsimu.Ballot::__relaylambda_5_finalize()', 'transitive_logical_work'); lost finite certificate bound ('chsimu.Ballot::__relaylambda_6_finalize(array uint64)', 'direct_logical_work'); lost finite certificate bound ('chsimu.Ballot::__relaylambda_6_finalize(array uint64)', 'physical_route_work'); lost finite certificate bound ('chsimu.Ballot::__relaylambda_6_finalize(array uint64)', 'relay_tree_depth'); lost finite certificate bound ('chsimu.Ballot::__relaylambda_6_finalize(array uint64)', 'transitive_logical_work'); certificate bound increased for ('chsimu.Ballot::finalize()', 'direct_logical_work'): (1, 0) -> (2, 0)"
e9dcd8f257a9c49f2e7eab174af6f233,BroadcastToSingle,Ballot,Broadcast,Ballot,82:18-82:24,CompilerRejected,CompilerRejected,CompilerRejected,,replace all-shards broadcast with one next-scope relay,CompilerRejected,False,NotApplicable,NoRegression,NotRun,PREDA compiler reported a compile failure
4517d77c213c050a5ae2075e73e09abb,RelayDuplicate,MillionPixel,Work,MillionPixel,11:8-16:9,StaticProtocolMismatch,StaticProtocolMismatch,StaticProtocolMismatch;CertificateViolation,static;certificate,duplicate relay site relay_site_0,Compiled,True,NotApplicable,Violation,Passed,"canonical relay protocol differs from baseline; certificate bound increased for ('chsimu.MillionPixel::occupy(uint16,uint16)', 'direct_logical_work'): (1, 0) -> (2, 0); certificate bound increased for ('chsimu.MillionPixel::occupy(uint16,uint16)', 'physical_route_work'): (1, 0) -> (2, 0); certificate bound increased for ('chsimu.MillionPixel::occupy(uint16,uint16)', 'transitive_logical_work'): (1, 0) -> (2, 0)"
1d6667b115f1afd8104be4ce30e30e3d,TargetArithmeticPerturb,MillionPixel,Target,MillionPixel,10:23-10:55,Z3Disproved,Z3Disproved,Z3Disproved,z3,perturb FormulaIR relay target by one while preserving its fixed-width sort,Compiled,False,Disproved,NoRegression,Passed,cross-version Formula IR preservation was disproved
70c84951203d3487f6a55dff0e270912,TargetVariableSwap,MillionPixel,Target,MillionPixel,10:30-10:31,Z3Disproved,Z3Disproved,Z3Disproved,z3,replace target FormulaIR parameter 'x' with same-typed parameter 'y',Compiled,False,Disproved,NoRegression,Passed,cross-version Formula IR preservation was disproved
runtime-mp-target-scope,RuntimeTargetScopeCorruption,MillionPixel,Target,,,RuntimeStrictMismatch,RuntimeStrictMismatch,RuntimeStrictMismatch,runtime,RuntimeTargetScopeCorruption,BaselineCompiled,False,NotApplicable,NoRegression,RuntimeStrictMismatch,
1657e1ca9820b21bb431d73814ace93e,RelayDuplicate,Kitty,Work,KittyBreeding,40:8-50:9,StaticProtocolMismatch,StaticProtocolMismatch,StaticProtocolMismatch;CertificateViolation,static;certificate,duplicate relay site relay_site_0,Compiled,True,NotApplicable,Violation,Passed,"canonical relay protocol differs from baseline; lost finite certificate bound ('chsimu.KittyBreeding::__relaylambda_4_breed(uint32,uint32,bool)', 'direct_logical_work'); lost finite certificate bound ('chsimu.KittyBreeding::__relaylambda_4_breed(uint32,uint32,bool)', 'physical_route_work'); lost finite certificate bound ('chsimu.KittyBreeding::__relaylambda_4_breed(uint32,uint32,bool)', 'relay_tree_depth'); lost finite certificate bound ('chsimu.KittyBreeding::__relaylambda_4_breed(uint32,uint32,bool)', 'transitive_logical_work'); lost finite certificate bound ('chsimu.KittyBreeding::__relaylambda_5_registerNewBorns(array chsimu.KittyBreeding.KittyInfo)', 'relay_tree_depth'); lost finite certificate bound ('chsimu.KittyBreeding::__relaylambda_6_breed(bigint,uint32,uint32,bool)', 'direct_logical_work'); lost finite certificate bound ('chsimu.KittyBreeding::__relaylambda_6_breed(bigint,uint32,uint32,bool)', 'physical_route_work'); lost finite certificate bound ('chsimu.KittyBreeding::__relaylambda_6_breed(bigint,uint32,uint32,bool)', 'relay_tree_depth'); lost finite certificate bound ('chsimu.KittyBreeding::__relaylambda_6_breed(bigint,uint32,uint32,bool)', 'transitive_logical_work'); lost finite certificate bound ('chsimu.KittyBreeding::__relaylambda_7_registerNewBorns(uint32,uint32)', 'direct_logical_work'); lost finite certificate bound ('chsimu.KittyBreeding::__relaylambda_7_registerNewBorns(uint32,uint32)', 'physical_route_work'); lost finite certificate bound ('chsimu.KittyBreeding::__relaylambda_7_registerNewBorns(uint32,uint32)', 'relay_tree_depth'); lost finite certificate bound ('chsimu.KittyBreeding::__relaylambda_7_registerNewBorns(uint32,uint32)', 'transitive_logical_work'); lost finite certificate bound ('chsimu.KittyBreeding::__relaylambda_8_breed(uint32,uint32,bool,bigint,uint64)', 'direct_logical_work'); lost finite certificate bound ('chsimu.KittyBreeding::__relaylambda_8_breed(uint32,uint32,bool,bigint,uint64)', 'physical_route_work'); lost finite certificate bound ('chsimu.KittyBreeding::__relaylambda_8_breed(uint32,uint32,bool,bigint,uint64)', 'relay_tree_depth'); lost finite certificate bound ('chsimu.KittyBreeding::__relaylambda_8_breed(uint32,uint32,bool,bigint,uint64)', 'transitive_logical_work'); certificate bound increased for ('chsimu.KittyBreeding::mint(bigint,bool,address)', 'direct_logical_work'): (1, 0) -> (2, 0); certificate bound increased for ('chsimu.KittyBreeding::mint(bigint,bool,address)', 'physical_route_work'): (1, 0) -> (2, 0); certificate bound increased for ('chsimu.KittyBreeding::mint(bigint,bool,address)', 'transitive_logical_work'): (1, 0) -> (2, 0)"
9594747e185d3cfc7617deccbb0744d6,ArgumentArithmeticPerturb,Kitty,Argument,KittyBreeding,40:22-40:27,StaticProtocolMismatch,StaticProtocolMismatch,StaticProtocolMismatch;Z3Disproved,static;z3,perturb relay argument FormulaIR by one while preserving its numeric sort,Compiled,True,Disproved,NoRegression,Passed,canonical relay protocol differs from baseline; cross-version Formula IR preservation was disproved
e158f49d4c89aceb383265071650607d,RelayDuplicate,AirDrop,Work,Token,48:20-51:21,StaticProtocolMismatch,StaticProtocolMismatch,StaticProtocolMismatch,static,duplicate relay site relay_site_1,Compiled,True,NotApplicable,NoRegression,Passed,canonical relay protocol differs from baseline
runtime-airdrop-duplicate,RuntimeRelayDuplicate,AirDrop,Work,,,,Unsupported,,,RuntimeRelayDuplicate,BaselineCompiled,False,NotApplicable,NoRegression,Unsupported,fault was applied but produced no expected strict mismatch with exit code 2
1488d6c095f1adc60e3d9d4f79fe9d87,RelayDuplicate,Synthetic,Work,SemanticMutationStudy,43:12-43:48,StaticProtocolMismatch,StaticProtocolMismatch,StaticProtocolMismatch;CertificateViolation,static;certificate,duplicate relay site relay_site_4,Compiled,True,NotApplicable,Violation,Passed,"canonical relay protocol differs from baseline; certificate bound increased for ('chsimu.SemanticMutationStudy::bounded_loop(uint32,uint32)', 'direct_logical_work'): (3, 0) -> (6, 0); certificate bound increased for ('chsimu.SemanticMutationStudy::bounded_loop(uint32,uint32)', 'physical_route_work'): (3, 0) -> (6, 0); certificate bound increased for ('chsimu.SemanticMutationStudy::bounded_loop(uint32,uint32)', 'transitive_logical_work'): (3, 0) -> (6, 0)"
9cb75393bd225806079998137ae77897,RelayOrderSwap,Synthetic,Order,SemanticMutationStudy,54:8-54:37,StaticProtocolMismatch,StaticProtocolMismatch,StaticProtocolMismatch;CertificateViolation,static;certificate,swap the source order of relay_site_5 and relay_site_6,Compiled,True,NotApplicable,Violation,Passed,"canonical relay protocol differs from baseline; proved precedence reversed for surviving sites relay_site_5->relay_site_6, relay_site_6->relay_site_5"
2933f2f3d6732439e854e52b8840143c,IntroduceAlias,Synthetic,Alias,SemanticMutationStudy,57:14-57:28,StaticProtocolMismatch,StaticProtocolMismatch,StaticProtocolMismatch;CertificateViolation,static;certificate,force relay_site_8 to alias target of relay_site_5,Compiled,True,NotApplicable,Violation,Passed,"canonical relay protocol differs from baseline; lost proved CoEmissionIndependent guarantee for surviving sites relay_site_5->relay_site_5, relay_site_8->relay_site_8; lost proved CoEmissionIndependent guarantee for surviving sites relay_site_7->relay_site_7, relay_site_8->relay_site_8"
8cb23b1ef0c0b65147d2c9888476cf65,IntroduceRelayRecursion,Synthetic,Depth,SemanticMutationStudy,66:65-66:66,StaticProtocolMismatch,StaticProtocolMismatch,StaticProtocolMismatch;CertificateViolation;InfrastructureFailure,static;certificate,insert a self-relay into handler 'nested_handler',Compiled,True,NotApplicable,Violation,RuntimeStrictMismatch,"canonical relay protocol differs from baseline; lost finite certificate bound ('chsimu.SemanticMutationStudy::nested_driver(uint32,uint32)', 'physical_route_work'); lost finite certificate bound ('chsimu.SemanticMutationStudy::nested_driver(uint32,uint32)', 'relay_tree_depth'); lost finite certificate bound ('chsimu.SemanticMutationStudy::nested_driver(uint32,uint32)', 'transitive_logical_work'); certificate bound increased for ('chsimu.SemanticMutationStudy::nested_handler(uint32,uint32)', 'direct_logical_work'): (1, 0) -> (2, 0); lost finite certificate bound ('chsimu.SemanticMutationStudy::nested_handler(uint32,uint32)', 'physical_route_work'); lost finite certificate bound ('chsimu.SemanticMutationStudy::nested_handler(uint32,uint32)', 'relay_tree_depth'); lost finite certificate bound ('chsimu.SemanticMutationStudy::nested_handler(uint32,uint32)', 'transitive_logical_work'); runtime execution terminated with GasUsedUp; TraceInstrumentationError: instrumentation"
fc502f164886498bbf446fe30d5401fc,TargetArithmeticPerturb,Synthetic,Target,SemanticMutationStudy,25:14-25:48,StaticProtocolMismatch,StaticProtocolMismatch,StaticProtocolMismatch;Z3Disproved,static;z3,perturb FormulaIR relay target by one while preserving its fixed-width sort,Compiled,True,Disproved,NoRegression,Passed,canonical relay protocol differs from baseline; cross-version Formula IR preservation was disproved
e4bf549e8dd18cb4cdc8ae38d12f371f,TargetVariableSwap,Synthetic,Target,SemanticMutationStudy,25:22-25:23,StaticProtocolMismatch,StaticProtocolMismatch,StaticProtocolMismatch;Z3Disproved,static;z3,replace target FormulaIR parameter 'x' with same-typed parameter 'y',Compiled,True,Disproved,NoRegression,Passed,canonical relay protocol differs from baseline; cross-version Formula IR preservation was disproved
811bf309fd90fb1476c11eaa8c728405,ArgumentArithmeticPerturb,Synthetic,Argument,SemanticMutationStudy,36:35-36:40,StaticProtocolMismatch,StaticProtocolMismatch,StaticProtocolMismatch;Z3Disproved,static;z3,perturb relay argument FormulaIR by one while preserving its numeric sort,Compiled,True,Disproved,NoRegression,Passed,canonical relay protocol differs from baseline; cross-version Formula IR preservation was disproved
34fb5df52e83487caaee91c21d8ca93d,GuardBoundaryChange,Synthetic,Guard,SemanticMutationStudy,35:20-35:22,StaticProtocolMismatch,StaticProtocolMismatch,StaticProtocolMismatch;Z3Disproved,static;z3,change guard boundary operator '>=' to '>',Compiled,True,Disproved,NoRegression,Passed,canonical relay protocol differs from baseline; cross-version Formula IR preservation was disproved
runtime-synthetic-duplicate,RuntimeRelayDuplicate,Synthetic,Work,,,CertificateViolation,CertificateViolation,CertificateViolation;RuntimeStrictMismatch,certificate;runtime,RuntimeRelayDuplicate,BaselineCompiled,False,NotApplicable,Violation,RuntimeStrictMismatch,
