record_type,benchmark,property,subproperty,status,count,candidate_count,source_function_id,site_a,site_b,certificate_id,relation,proof_strength,evidence_valid,cfg_evidence_ids,constraint_evidence_ids,solver_evidence_ids,reason,reason_category,reason_categories,evidence_validation_reason
property_summary,,MutualExclusive,,Proved,0,0,,,,,,,,,,,,,,
property_summary,,MutualExclusive,,Unknown,0,0,,,,,,,,,,,,,,
property_summary,,MutualExclusive,,Unsupported,0,0,,,,,,,,,,,,,,
property_summary,,MustPrecede,,Proved,0,0,,,,,,,,,,,,,,
property_summary,,MustPrecede,,Unknown,0,0,,,,,,,,,,,,,,
property_summary,,MustPrecede,,Unsupported,0,0,,,,,,,,,,,,,,
property_summary,,CoEmissionIndependent,,Proved,0,0,,,,,,,,,,,,,,
property_summary,,CoEmissionIndependent,,Unknown,0,0,,,,,,,,,,,,,,
property_summary,,CoEmissionIndependent,,Unsupported,0,0,,,,,,,,,,,,,,
property_summary,,WorkBound,,Proved,32,42,,,,,,,,,,,,,,
property_summary,,WorkBound,,Unknown,10,42,,,,,,,,,,,,,,
property_summary,,WorkBound,,Unsupported,0,42,,,,,,,,,,,,,,
property_summary,,DepthBound,,Proved,14,14,,,,,,,,,,,,,,
property_summary,,DepthBound,,Unknown,0,14,,,,,,,,,,,,,,
property_summary,,DepthBound,,Unsupported,0,14,,,,,,,,,,,,,,
detailed_outcome_summary,,WorkBound,,Proved,32,,,,,,,,,,,,,,,
detailed_outcome_summary,,WorkBound,,Unknown,10,,,,,,,,,,,,,,,
detailed_outcome_summary,,DepthBound,,Proved,14,,,,,,,,,,,,,,,
reason_summary,,,,,8,,,,,,,,,,,,,loop,,
reason_summary,,,,,0,,,,,,,,,,,,,recursion,,
reason_summary,,,,,0,,,,,,,,,,,,,unresolved_call,,
reason_summary,,,,,0,,,,,,,,,,,,,unsupported_formula,,
reason_summary,,,,,0,,,,,,,,,,,,,unknown_effect,,
reason_summary,,,,,0,,,,,,,,,,,,,ambiguous_call_context,,
reason_summary,,,,,0,,,,,,,,,,,,,solver_timeout,,
reason_summary,,,,,2,,,,,,,,,,,,,unsupported_scope_relation,,
reason_summary,,,,,0,,,,,,,,,,,,,other_conservative,,
property_record,Token,WorkBound,DirectLogicalWork,Proved,1,,"chsimu.Token::transfer(address,bigint)",,,"parallel.bound.chsimu.Token::transfer(address,bigint).direct_logical_work",,FiniteUpperBound,True,"[""chsimu.Token::transfer(address,bigint)""]",[],[],"CFG contains an early-exit, failure, or unknown path that may bypass a relay",,[],
property_record,Token,WorkBound,TransitiveLogicalWork,Proved,1,,"chsimu.Token::transfer(address,bigint)",,,"parallel.bound.chsimu.Token::transfer(address,bigint).transitive_logical_work",,FiniteUpperBound,True,"[""chsimu.Token::__relaylambda_2_transfer(bigint)"",""chsimu.Token::transfer(address,bigint)""]",[],[],finite async relay-tree logical work upper bound; transitive exact work is not inferred without occurrence-indexed paths,,[],
property_record,Token,WorkBound,PhysicalRouteWork,Proved,1,,"chsimu.Token::transfer(address,bigint)",,,"parallel.bound.chsimu.Token::transfer(address,bigint).physical_route_work",,FiniteUpperBound,True,"[""chsimu.Token::__relaylambda_2_transfer(bigint)"",""chsimu.Token::transfer(address,bigint)""]",[],[],whole relay-tree physical route upper bound,,[],
property_record,Token,DepthBound,,Proved,1,,"chsimu.Token::transfer(address,bigint)",,,"parallel.bound.chsimu.Token::transfer(address,bigint).relay_tree_depth",,FiniteUpperBound,True,"[""chsimu.Token::transfer(address,bigint)""]",[],[],finite relay-tree depth upper bound over composed handlers; conditional relay occurrence prevents an exact depth value,,[],
property_record,Token,WorkBound,DirectLogicalWork,Unknown,1,,chsimu.Token::transfer_n(array chsimu.Token.payment),,,parallel.bound.chsimu.Token::transfer_n(array chsimu.Token.payment).direct_logical_work,,,True,[],[],[],local direct relay count has no finite upper bound; loop condition is not a strict induction-variable comparison against a literal,loop,"[""loop"",""other_conservative""]",
property_record,Token,WorkBound,TransitiveLogicalWork,Unknown,1,,chsimu.Token::transfer_n(array chsimu.Token.payment),,,parallel.bound.chsimu.Token::transfer_n(array chsimu.Token.payment).transitive_logical_work,,,True,[],[],[],relay site has no finite occurrence upper bound: relay_site_1,loop,"[""loop""]",
property_record,Token,WorkBound,PhysicalRouteWork,Unknown,1,,chsimu.Token::transfer_n(array chsimu.Token.payment),,,parallel.bound.chsimu.Token::transfer_n(array chsimu.Token.payment).physical_route_work,,,True,[],[],[],relay site has no finite occurrence upper bound: relay_site_1,loop,"[""loop""]",
property_record,Token,DepthBound,,Proved,1,,chsimu.Token::transfer_n(array chsimu.Token.payment),,,parallel.bound.chsimu.Token::transfer_n(array chsimu.Token.payment).relay_tree_depth,,FiniteUpperBound,True,"[""chsimu.Token::transfer_n(array chsimu.Token.payment)""]",[],[],finite relay-tree depth upper bound over composed handlers; conditional relay occurrence prevents an exact depth value,,[],
property_record,Ballot,WorkBound,DirectLogicalWork,Proved,1,,chsimu.Ballot::__relaylambda_4_finalize(),,,parallel.bound.chsimu.Ballot::__relaylambda_4_finalize().direct_logical_work,,FiniteUpperBound,True,"[""chsimu.Ballot::__relaylambda_4_finalize()"",""chsimu.Ballot::shardGather_reset()"",""icfg_edge_4""]",[],[],conditional synchronous call requires composed path cardinality,,[],
property_record,Ballot,WorkBound,TransitiveLogicalWork,Unknown,1,,chsimu.Ballot::__relaylambda_4_finalize(),,,parallel.bound.chsimu.Ballot::__relaylambda_4_finalize().transitive_logical_work,,,True,[],[],[],"all-shards handler emits relays, but broadcast-clone logical subtree collapse is not modeled",unsupported_scope_relation,"[""unsupported_scope_relation""]",
property_record,Ballot,WorkBound,PhysicalRouteWork,Proved,1,,chsimu.Ballot::__relaylambda_4_finalize(),,,parallel.bound.chsimu.Ballot::__relaylambda_4_finalize().physical_route_work,,FiniteUpperBound,True,"[""chsimu.Ballot::__relaylambda_4_finalize()"",""chsimu.Ballot::__relaylambda_5_finalize()"",""chsimu.Ballot::__relaylambda_6_finalize(array uint64)"",""chsimu.Ballot::shardGather_gather()"",""chsimu.Ballot::shardGather_reset()"",""icfg_edge_4"",""icfg_edge_6""]",[],[],whole relay-tree physical route upper bound,,[],
property_record,Ballot,DepthBound,,Proved,1,,chsimu.Ballot::__relaylambda_4_finalize(),,,parallel.bound.chsimu.Ballot::__relaylambda_4_finalize().relay_tree_depth,,FiniteUpperBound,True,"[""chsimu.Ballot::__relaylambda_4_finalize()"",""chsimu.Ballot::__relaylambda_5_finalize()"",""chsimu.Ballot::shardGather_reset()""]",[],[],finite relay-tree depth upper bound over composed handlers; conditional relay occurrence prevents an exact depth value,,[],
property_record,Ballot,WorkBound,DirectLogicalWork,Proved,1,,chsimu.Ballot::__relaylambda_5_finalize(),,,parallel.bound.chsimu.Ballot::__relaylambda_5_finalize().direct_logical_work,,FiniteUpperBound,True,"[""chsimu.Ballot::__relaylambda_5_finalize()""]",[],[],"CFG contains an early-exit, failure, or unknown path that may bypass a relay",,[],
property_record,Ballot,WorkBound,TransitiveLogicalWork,Proved,1,,chsimu.Ballot::__relaylambda_5_finalize(),,,parallel.bound.chsimu.Ballot::__relaylambda_5_finalize().transitive_logical_work,,FiniteUpperBound,True,"[""chsimu.Ballot::__relaylambda_5_finalize()"",""chsimu.Ballot::__relaylambda_6_finalize(array uint64)"",""chsimu.Ballot::shardGather_gather()"",""icfg_edge_6""]",[],[],finite async relay-tree logical work upper bound; transitive exact work is not inferred without occurrence-indexed paths,,[],
property_record,Ballot,WorkBound,PhysicalRouteWork,Proved,1,,chsimu.Ballot::__relaylambda_5_finalize(),,,parallel.bound.chsimu.Ballot::__relaylambda_5_finalize().physical_route_work,,FiniteUpperBound,True,"[""chsimu.Ballot::__relaylambda_5_finalize()"",""chsimu.Ballot::__relaylambda_6_finalize(array uint64)"",""chsimu.Ballot::shardGather_gather()"",""icfg_edge_6""]",[],[],whole relay-tree physical route upper bound,,[],
property_record,Ballot,DepthBound,,Proved,1,,chsimu.Ballot::__relaylambda_5_finalize(),,,parallel.bound.chsimu.Ballot::__relaylambda_5_finalize().relay_tree_depth,,FiniteUpperBound,True,"[""chsimu.Ballot::__relaylambda_5_finalize()""]",[],[],finite relay-tree depth upper bound over composed handlers; conditional relay occurrence prevents an exact depth value,,[],
property_record,Ballot,WorkBound,DirectLogicalWork,Proved,1,,chsimu.Ballot::finalize(),,,parallel.bound.chsimu.Ballot::finalize().direct_logical_work,,FiniteUpperBound,True,"[""chsimu.Ballot::finalize()"",""chsimu.Ballot::is_voting()"",""icfg_edge_2""]",[],[],conditional synchronous call requires composed path cardinality,,[],
property_record,Ballot,WorkBound,TransitiveLogicalWork,Unknown,1,,chsimu.Ballot::finalize(),,,parallel.bound.chsimu.Ballot::finalize().transitive_logical_work,,,True,[],[],[],"all-shards handler emits relays, but broadcast-clone logical subtree collapse is not modeled",unsupported_scope_relation,"[""unsupported_scope_relation""]",
property_record,Ballot,WorkBound,PhysicalRouteWork,Proved,1,,chsimu.Ballot::finalize(),,,parallel.bound.chsimu.Ballot::finalize().physical_route_work,,FiniteUpperBound,True,"[""chsimu.Ballot::__relaylambda_4_finalize()"",""chsimu.Ballot::__relaylambda_5_finalize()"",""chsimu.Ballot::__relaylambda_6_finalize(array uint64)"",""chsimu.Ballot::finalize()"",""chsimu.Ballot::is_voting()"",""chsimu.Ballot::shardGather_gather()"",""chsimu.Ballot::shardGather_reset()"",""icfg_edge_2"",""icfg_edge_4"",""icfg_edge_6""]",[],[],whole relay-tree physical route upper bound,,[],
property_record,Ballot,DepthBound,,Proved,1,,chsimu.Ballot::finalize(),,,parallel.bound.chsimu.Ballot::finalize().relay_tree_depth,,FiniteUpperBound,True,"[""chsimu.Ballot::__relaylambda_4_finalize()"",""chsimu.Ballot::__relaylambda_5_finalize()"",""chsimu.Ballot::finalize()"",""chsimu.Ballot::is_voting()"",""chsimu.Ballot::shardGather_reset()""]",[],[],finite relay-tree depth upper bound over composed handlers; conditional relay occurrence prevents an exact depth value,,[],
property_record,Ballot,WorkBound,DirectLogicalWork,Proved,1,,chsimu.Ballot::init(array string),,,parallel.bound.chsimu.Ballot::init(array string).direct_logical_work,,FiniteUpperBound,True,"[""chsimu.Ballot::init(array string)"",""chsimu.Ballot::is_voting()"",""icfg_edge_0""]",[],[],conditional synchronous call requires composed path cardinality,,[],
property_record,Ballot,WorkBound,TransitiveLogicalWork,Proved,1,,chsimu.Ballot::init(array string),,,parallel.bound.chsimu.Ballot::init(array string).transitive_logical_work,,FiniteUpperBound,True,"[""chsimu.Ballot::__relaylambda_3_init(array string)"",""chsimu.Ballot::init(array string)"",""chsimu.Ballot::is_voting()"",""icfg_edge_0""]",[],[],finite async relay-tree logical work upper bound; transitive exact work is not inferred without occurrence-indexed paths,,[],
property_record,Ballot,WorkBound,PhysicalRouteWork,Proved,1,,chsimu.Ballot::init(array string),,,parallel.bound.chsimu.Ballot::init(array string).physical_route_work,,FiniteUpperBound,True,"[""chsimu.Ballot::__relaylambda_3_init(array string)"",""chsimu.Ballot::init(array string)"",""chsimu.Ballot::is_voting()"",""icfg_edge_0""]",[],[],whole relay-tree physical route upper bound,,[],
property_record,Ballot,DepthBound,,Proved,1,,chsimu.Ballot::init(array string),,,parallel.bound.chsimu.Ballot::init(array string).relay_tree_depth,,FiniteUpperBound,True,"[""chsimu.Ballot::init(array string)"",""chsimu.Ballot::is_voting()""]",[],[],finite relay-tree depth upper bound over composed handlers; conditional relay occurrence prevents an exact depth value,,[],
property_record,MillionPixel,WorkBound,DirectLogicalWork,Proved,1,,"chsimu.MillionPixel::occupy(uint16,uint16)",,,"parallel.bound.chsimu.MillionPixel::occupy(uint16,uint16).direct_logical_work",,FiniteUpperBound,True,"[""chsimu.MillionPixel::occupy(uint16,uint16)""]",[],[],local relay count requires a complete CFG and reachability analysis,,[],
property_record,MillionPixel,WorkBound,TransitiveLogicalWork,Proved,1,,"chsimu.MillionPixel::occupy(uint16,uint16)",,,"parallel.bound.chsimu.MillionPixel::occupy(uint16,uint16).transitive_logical_work",,FiniteUpperBound,True,"[""chsimu.MillionPixel::__relaylambda_1_occupy(address)"",""chsimu.MillionPixel::occupy(uint16,uint16)""]",[],[],finite async relay-tree logical work upper bound; transitive exact work is not inferred without occurrence-indexed paths,,[],
property_record,MillionPixel,WorkBound,PhysicalRouteWork,Proved,1,,"chsimu.MillionPixel::occupy(uint16,uint16)",,,"parallel.bound.chsimu.MillionPixel::occupy(uint16,uint16).physical_route_work",,FiniteUpperBound,True,"[""chsimu.MillionPixel::__relaylambda_1_occupy(address)"",""chsimu.MillionPixel::occupy(uint16,uint16)""]",[],[],whole relay-tree physical route upper bound,,[],
property_record,MillionPixel,DepthBound,,Proved,1,,"chsimu.MillionPixel::occupy(uint16,uint16)",,,"parallel.bound.chsimu.MillionPixel::occupy(uint16,uint16).relay_tree_depth",,FiniteUpperBound,True,"[""chsimu.MillionPixel::occupy(uint16,uint16)""]",[],[],finite relay-tree depth upper bound over composed handlers; conditional relay occurrence prevents an exact depth value,,[],
property_record,Kitty,WorkBound,DirectLogicalWork,Proved,1,,"chsimu.KittyBreeding::__relaylambda_4_breed(uint32,uint32,bool)",,,"parallel.bound.chsimu.KittyBreeding::__relaylambda_4_breed(uint32,uint32,bool).direct_logical_work",,FiniteUpperBound,True,"[""chsimu.KittyBreeding::__relaylambda_4_breed(uint32,uint32,bool)""]",[],[],"CFG contains an early-exit, failure, or unknown path that may bypass a relay",,[],
property_record,Kitty,WorkBound,TransitiveLogicalWork,Proved,1,,"chsimu.KittyBreeding::__relaylambda_4_breed(uint32,uint32,bool)",,,"parallel.bound.chsimu.KittyBreeding::__relaylambda_4_breed(uint32,uint32,bool).transitive_logical_work",,FiniteUpperBound,True,"[""chsimu.KittyBreeding::__relaylambda_4_breed(uint32,uint32,bool)"",""chsimu.KittyBreeding::__relaylambda_6_breed(bigint,uint32,uint32,bool)"",""chsimu.KittyBreeding::__relaylambda_8_breed(uint32,uint32,bool,bigint,uint64)"",""chsimu.KittyBreeding::sqrt(bigint)"",""icfg_edge_11"",""icfg_edge_14"",""icfg_edge_17"",""icfg_edge_2"",""icfg_edge_20"",""icfg_edge_23"",""icfg_edge_26"",""icfg_edge_29"",""icfg_edge_32"",""icfg_edge_35"",""icfg_edge_5"",""icfg_edge_8""]",[],[],finite async relay-tree logical work upper bound; transitive exact work is not inferred without occurrence-indexed paths,,[],
property_record,Kitty,WorkBound,PhysicalRouteWork,Proved,1,,"chsimu.KittyBreeding::__relaylambda_4_breed(uint32,uint32,bool)",,,"parallel.bound.chsimu.KittyBreeding::__relaylambda_4_breed(uint32,uint32,bool).physical_route_work",,FiniteUpperBound,True,"[""chsimu.KittyBreeding::__relaylambda_4_breed(uint32,uint32,bool)"",""chsimu.KittyBreeding::__relaylambda_6_breed(bigint,uint32,uint32,bool)"",""chsimu.KittyBreeding::__relaylambda_8_breed(uint32,uint32,bool,bigint,uint64)"",""chsimu.KittyBreeding::sqrt(bigint)"",""icfg_edge_11"",""icfg_edge_14"",""icfg_edge_17"",""icfg_edge_2"",""icfg_edge_20"",""icfg_edge_23"",""icfg_edge_26"",""icfg_edge_29"",""icfg_edge_32"",""icfg_edge_35"",""icfg_edge_5"",""icfg_edge_8""]",[],[],whole relay-tree physical route upper bound,,[],
property_record,Kitty,DepthBound,,Proved,1,,"chsimu.KittyBreeding::__relaylambda_4_breed(uint32,uint32,bool)",,,"parallel.bound.chsimu.KittyBreeding::__relaylambda_4_breed(uint32,uint32,bool).relay_tree_depth",,FiniteUpperBound,True,"[""chsimu.KittyBreeding::__relaylambda_4_breed(uint32,uint32,bool)"",""chsimu.KittyBreeding::__relaylambda_6_breed(bigint,uint32,uint32,bool)"",""chsimu.KittyBreeding::sqrt(bigint)""]",[],[],finite relay-tree depth upper bound over composed handlers; conditional relay occurrence prevents an exact depth value,,[],
property_record,Kitty,WorkBound,DirectLogicalWork,Unknown,1,,chsimu.KittyBreeding::__relaylambda_5_registerNewBorns(array chsimu.KittyBreeding.KittyInfo),,,parallel.bound.chsimu.KittyBreeding::__relaylambda_5_registerNewBorns(array chsimu.KittyBreeding.KittyInfo).direct_logical_work,,,True,[],[],[],local direct relay count has no finite upper bound; loop condition is not a strict induction-variable comparison against a literal,loop,"[""loop"",""other_conservative""]",
property_record,Kitty,WorkBound,TransitiveLogicalWork,Unknown,1,,chsimu.KittyBreeding::__relaylambda_5_registerNewBorns(array chsimu.KittyBreeding.KittyInfo),,,parallel.bound.chsimu.KittyBreeding::__relaylambda_5_registerNewBorns(array chsimu.KittyBreeding.KittyInfo).transitive_logical_work,,,True,[],[],[],relay site has no finite occurrence upper bound: relay_site_4,loop,"[""loop""]",
property_record,Kitty,WorkBound,PhysicalRouteWork,Unknown,1,,chsimu.KittyBreeding::__relaylambda_5_registerNewBorns(array chsimu.KittyBreeding.KittyInfo),,,parallel.bound.chsimu.KittyBreeding::__relaylambda_5_registerNewBorns(array chsimu.KittyBreeding.KittyInfo).physical_route_work,,,True,[],[],[],relay site has no finite occurrence upper bound: relay_site_4,loop,"[""loop""]",
property_record,Kitty,DepthBound,,Proved,1,,chsimu.KittyBreeding::__relaylambda_5_registerNewBorns(array chsimu.KittyBreeding.KittyInfo),,,parallel.bound.chsimu.KittyBreeding::__relaylambda_5_registerNewBorns(array chsimu.KittyBreeding.KittyInfo).relay_tree_depth,,FiniteUpperBound,True,"[""chsimu.KittyBreeding::__relaylambda_5_registerNewBorns(array chsimu.KittyBreeding.KittyInfo)""]",[],[],finite relay-tree depth upper bound over composed handlers; conditional relay occurrence prevents an exact depth value,,[],
property_record,Kitty,WorkBound,DirectLogicalWork,Proved,1,,"chsimu.KittyBreeding::__relaylambda_6_breed(bigint,uint32,uint32,bool)",,,"parallel.bound.chsimu.KittyBreeding::__relaylambda_6_breed(bigint,uint32,uint32,bool).direct_logical_work",,FiniteUpperBound,True,"[""chsimu.KittyBreeding::__relaylambda_6_breed(bigint,uint32,uint32,bool)"",""chsimu.KittyBreeding::sqrt(bigint)"",""icfg_edge_11"",""icfg_edge_14"",""icfg_edge_17"",""icfg_edge_2"",""icfg_edge_20"",""icfg_edge_23"",""icfg_edge_26"",""icfg_edge_29"",""icfg_edge_32"",""icfg_edge_35"",""icfg_edge_5"",""icfg_edge_8""]",[],[],conditional synchronous call requires composed path cardinality,,[],
property_record,Kitty,WorkBound,TransitiveLogicalWork,Proved,1,,"chsimu.KittyBreeding::__relaylambda_6_breed(bigint,uint32,uint32,bool)",,,"parallel.bound.chsimu.KittyBreeding::__relaylambda_6_breed(bigint,uint32,uint32,bool).transitive_logical_work",,FiniteUpperBound,True,"[""chsimu.KittyBreeding::__relaylambda_6_breed(bigint,uint32,uint32,bool)"",""chsimu.KittyBreeding::__relaylambda_8_breed(uint32,uint32,bool,bigint,uint64)"",""chsimu.KittyBreeding::sqrt(bigint)"",""icfg_edge_11"",""icfg_edge_14"",""icfg_edge_17"",""icfg_edge_2"",""icfg_edge_20"",""icfg_edge_23"",""icfg_edge_26"",""icfg_edge_29"",""icfg_edge_32"",""icfg_edge_35"",""icfg_edge_5"",""icfg_edge_8""]",[],[],finite async relay-tree logical work upper bound; transitive exact work is not inferred without occurrence-indexed paths,,[],
property_record,Kitty,WorkBound,PhysicalRouteWork,Proved,1,,"chsimu.KittyBreeding::__relaylambda_6_breed(bigint,uint32,uint32,bool)",,,"parallel.bound.chsimu.KittyBreeding::__relaylambda_6_breed(bigint,uint32,uint32,bool).physical_route_work",,FiniteUpperBound,True,"[""chsimu.KittyBreeding::__relaylambda_6_breed(bigint,uint32,uint32,bool)"",""chsimu.KittyBreeding::__relaylambda_8_breed(uint32,uint32,bool,bigint,uint64)"",""chsimu.KittyBreeding::sqrt(bigint)"",""icfg_edge_11"",""icfg_edge_14"",""icfg_edge_17"",""icfg_edge_2"",""icfg_edge_20"",""icfg_edge_23"",""icfg_edge_26"",""icfg_edge_29"",""icfg_edge_32"",""icfg_edge_35"",""icfg_edge_5"",""icfg_edge_8""]",[],[],whole relay-tree physical route upper bound,,[],
property_record,Kitty,DepthBound,,Proved,1,,"chsimu.KittyBreeding::__relaylambda_6_breed(bigint,uint32,uint32,bool)",,,"parallel.bound.chsimu.KittyBreeding::__relaylambda_6_breed(bigint,uint32,uint32,bool).relay_tree_depth",,FiniteUpperBound,True,"[""chsimu.KittyBreeding::__relaylambda_6_breed(bigint,uint32,uint32,bool)"",""chsimu.KittyBreeding::sqrt(bigint)""]",[],[],finite relay-tree depth upper bound over composed handlers; conditional relay occurrence prevents an exact depth value,,[],
property_record,Kitty,WorkBound,DirectLogicalWork,Proved,1,,"chsimu.KittyBreeding::breed(uint32,uint32,bool)",,,"parallel.bound.chsimu.KittyBreeding::breed(uint32,uint32,bool).direct_logical_work",,FiniteUpperBound,True,"[""chsimu.KittyBreeding::breed(uint32,uint32,bool)""]",[],[],"CFG contains an early-exit, failure, or unknown path that may bypass a relay",,[],
property_record,Kitty,WorkBound,TransitiveLogicalWork,Proved,1,,"chsimu.KittyBreeding::breed(uint32,uint32,bool)",,,"parallel.bound.chsimu.KittyBreeding::breed(uint32,uint32,bool).transitive_logical_work",,FiniteUpperBound,True,"[""chsimu.KittyBreeding::__relaylambda_4_breed(uint32,uint32,bool)"",""chsimu.KittyBreeding::__relaylambda_6_breed(bigint,uint32,uint32,bool)"",""chsimu.KittyBreeding::__relaylambda_8_breed(uint32,uint32,bool,bigint,uint64)"",""chsimu.KittyBreeding::breed(uint32,uint32,bool)"",""chsimu.KittyBreeding::sqrt(bigint)"",""icfg_edge_11"",""icfg_edge_14"",""icfg_edge_17"",""icfg_edge_2"",""icfg_edge_20"",""icfg_edge_23"",""icfg_edge_26"",""icfg_edge_29"",""icfg_edge_32"",""icfg_edge_35"",""icfg_edge_5"",""icfg_edge_8""]",[],[],finite async relay-tree logical work upper bound; transitive exact work is not inferred without occurrence-indexed paths,,[],
property_record,Kitty,WorkBound,PhysicalRouteWork,Proved,1,,"chsimu.KittyBreeding::breed(uint32,uint32,bool)",,,"parallel.bound.chsimu.KittyBreeding::breed(uint32,uint32,bool).physical_route_work",,FiniteUpperBound,True,"[""chsimu.KittyBreeding::__relaylambda_4_breed(uint32,uint32,bool)"",""chsimu.KittyBreeding::__relaylambda_6_breed(bigint,uint32,uint32,bool)"",""chsimu.KittyBreeding::__relaylambda_8_breed(uint32,uint32,bool,bigint,uint64)"",""chsimu.KittyBreeding::breed(uint32,uint32,bool)"",""chsimu.KittyBreeding::sqrt(bigint)"",""icfg_edge_11"",""icfg_edge_14"",""icfg_edge_17"",""icfg_edge_2"",""icfg_edge_20"",""icfg_edge_23"",""icfg_edge_26"",""icfg_edge_29"",""icfg_edge_32"",""icfg_edge_35"",""icfg_edge_5"",""icfg_edge_8""]",[],[],whole relay-tree physical route upper bound,,[],
property_record,Kitty,DepthBound,,Proved,1,,"chsimu.KittyBreeding::breed(uint32,uint32,bool)",,,"parallel.bound.chsimu.KittyBreeding::breed(uint32,uint32,bool).relay_tree_depth",,FiniteUpperBound,True,"[""chsimu.KittyBreeding::__relaylambda_4_breed(uint32,uint32,bool)"",""chsimu.KittyBreeding::__relaylambda_6_breed(bigint,uint32,uint32,bool)"",""chsimu.KittyBreeding::breed(uint32,uint32,bool)"",""chsimu.KittyBreeding::sqrt(bigint)""]",[],[],finite relay-tree depth upper bound over composed handlers; conditional relay occurrence prevents an exact depth value,,[],
property_record,Kitty,WorkBound,DirectLogicalWork,Proved,1,,"chsimu.KittyBreeding::mint(bigint,bool,address)",,,"parallel.bound.chsimu.KittyBreeding::mint(bigint,bool,address).direct_logical_work",,FiniteUpperBound,True,"[""chsimu.KittyBreeding::create(bool,address)"",""chsimu.KittyBreeding::mint(bigint,bool,address)"",""icfg_edge_0""]",[],[],conditional synchronous call requires composed path cardinality,,[],
property_record,Kitty,WorkBound,TransitiveLogicalWork,Proved,1,,"chsimu.KittyBreeding::mint(bigint,bool,address)",,,"parallel.bound.chsimu.KittyBreeding::mint(bigint,bool,address).transitive_logical_work",,FiniteUpperBound,True,"[""chsimu.KittyBreeding::__relaylambda_3_mint(bigint,bool,uint32)"",""chsimu.KittyBreeding::create(bool,address)"",""chsimu.KittyBreeding::mint(bigint,bool,address)"",""icfg_edge_0""]",[],[],finite async relay-tree logical work upper bound; transitive exact work is not inferred without occurrence-indexed paths,,[],
property_record,Kitty,WorkBound,PhysicalRouteWork,Proved,1,,"chsimu.KittyBreeding::mint(bigint,bool,address)",,,"parallel.bound.chsimu.KittyBreeding::mint(bigint,bool,address).physical_route_work",,FiniteUpperBound,True,"[""chsimu.KittyBreeding::__relaylambda_3_mint(bigint,bool,uint32)"",""chsimu.KittyBreeding::create(bool,address)"",""chsimu.KittyBreeding::mint(bigint,bool,address)"",""icfg_edge_0""]",[],[],whole relay-tree physical route upper bound,,[],
property_record,Kitty,DepthBound,,Proved,1,,"chsimu.KittyBreeding::mint(bigint,bool,address)",,,"parallel.bound.chsimu.KittyBreeding::mint(bigint,bool,address).relay_tree_depth",,FiniteUpperBound,True,"[""chsimu.KittyBreeding::create(bool,address)"",""chsimu.KittyBreeding::mint(bigint,bool,address)""]",[],[],finite relay-tree depth upper bound over composed handlers; conditional relay occurrence prevents an exact depth value,,[],
property_record,Kitty,WorkBound,DirectLogicalWork,Proved,1,,chsimu.KittyBreeding::registerNewBorns(),,,parallel.bound.chsimu.KittyBreeding::registerNewBorns().direct_logical_work,,FiniteUpperBound,True,"[""chsimu.KittyBreeding::registerNewBorns()""]",[],[],"CFG contains an early-exit, failure, or unknown path that may bypass a relay",,[],
property_record,Kitty,WorkBound,TransitiveLogicalWork,Unknown,1,,chsimu.KittyBreeding::registerNewBorns(),,,parallel.bound.chsimu.KittyBreeding::registerNewBorns().transitive_logical_work,,,True,[],[],[],relay site has no finite occurrence upper bound: relay_site_4,loop,"[""loop""]",
property_record,Kitty,WorkBound,PhysicalRouteWork,Unknown,1,,chsimu.KittyBreeding::registerNewBorns(),,,parallel.bound.chsimu.KittyBreeding::registerNewBorns().physical_route_work,,,True,[],[],[],relay site has no finite occurrence upper bound: relay_site_4,loop,"[""loop""]",
property_record,Kitty,DepthBound,,Proved,1,,chsimu.KittyBreeding::registerNewBorns(),,,parallel.bound.chsimu.KittyBreeding::registerNewBorns().relay_tree_depth,,FiniteUpperBound,True,"[""chsimu.KittyBreeding::__relaylambda_5_registerNewBorns(array chsimu.KittyBreeding.KittyInfo)"",""chsimu.KittyBreeding::registerNewBorns()""]",[],[],finite relay-tree depth upper bound over composed handlers; conditional relay occurrence prevents an exact depth value,,[],
property_record,FCA,WorkBound,DirectLogicalWork,Proved,1,,chsimu.FCA::transfer(address),,,parallel.bound.chsimu.FCA::transfer(address).direct_logical_work,,FiniteUpperBound,True,"[""chsimu.FCA::transfer(address)""]",[],[],"CFG contains an early-exit, failure, or unknown path that may bypass a relay",,[],
property_record,FCA,WorkBound,TransitiveLogicalWork,Proved,1,,chsimu.FCA::transfer(address),,,parallel.bound.chsimu.FCA::transfer(address).transitive_logical_work,,FiniteUpperBound,True,"[""chsimu.FCA::__relaylambda_3_transfer(token)"",""chsimu.FCA::transfer(address)""]",[],[],finite async relay-tree logical work upper bound; transitive exact work is not inferred without occurrence-indexed paths,,[],
property_record,FCA,WorkBound,PhysicalRouteWork,Proved,1,,chsimu.FCA::transfer(address),,,parallel.bound.chsimu.FCA::transfer(address).physical_route_work,,FiniteUpperBound,True,"[""chsimu.FCA::__relaylambda_3_transfer(token)"",""chsimu.FCA::transfer(address)""]",[],[],whole relay-tree physical route upper bound,,[],
property_record,FCA,DepthBound,,Proved,1,,chsimu.FCA::transfer(address),,,parallel.bound.chsimu.FCA::transfer(address).relay_tree_depth,,FiniteUpperBound,True,"[""chsimu.FCA::transfer(address)""]",[],[],finite relay-tree depth upper bound over composed handlers; conditional relay occurrence prevents an exact depth value,,[],
